Environment,Episode,Robustness,End_Condition
3,0,0.003365137961152318,perfect
0,0,-0.06556630647654715,too_many_steps
1,0,-0.060701622734494434,too_many_steps
2,0,-0.11705663778028882,too_many_steps
4,0,-0.02305065607682089,too_many_steps
5,0,-0.07748395240062624,too_many_steps
6,0,-0.03768537292175152,too_many_steps
7,0,-0.018632589148316822,too_many_steps
8,0,-0.09342326181712782,too_many_steps
9,0,-0.04804722593876225,too_many_steps
10,0,-0.12012459087804205,too_many_steps
11,0,-0.14073764711218575,too_many_steps
3,1,-0.17455513303535902,too_many_steps
0,1,-0.05434479501213631,too_many_steps
1,1,-0.07858250189178655,too_many_steps
2,1,-0.24664215313310445,too_many_steps
4,1,-0.2547715283787109,too_many_steps
5,1,-0.15379721312642514,too_many_steps
6,1,-0.2830741611006018,too_many_steps
7,1,-0.16382678318926452,too_many_steps
8,1,-0.2283807173445511,too_many_steps
9,1,-0.05017576487522818,too_many_steps
10,1,-0.07033984793360745,too_many_steps
11,1,-0.024942372998193522,too_many_steps
3,2,-0.1721861608616601,too_many_steps
0,2,-0.060766890037398213,too_many_steps
1,2,-0.025047453199911692,too_many_steps
2,2,-0.06148971090280228,too_many_steps
4,2,-0.06330411556211696,too_many_steps
5,2,-0.11819034454106796,too_many_steps
6,2,-0.11501347159794716,too_many_steps
7,2,-0.07818397212469946,too_many_steps
8,2,-0.10563711480753409,too_many_steps
9,2,-0.07200001423384228,too_many_steps
10,2,-0.031331064512929316,too_many_steps
11,2,-0.05007101944485032,too_many_steps
3,3,-0.07756786561971472,too_many_steps
0,3,-0.4488731264317361,collision
1,3,-0.09004304293280806,too_many_steps
2,3,-0.13012793979112705,too_many_steps
4,3,-0.09513441058623048,too_many_steps
5,3,-0.06983603231644804,too_many_steps
6,3,-0.051862518722248646,too_many_steps
7,3,-0.10040277088635016,too_many_steps
8,3,-0.19207629924818476,too_many_steps
9,3,-0.15078624425712256,too_many_steps
10,3,-0.04044960053787457,too_many_steps
11,3,-0.14413757555548187,too_many_steps
3,4,-0.1281022631187799,too_many_steps
0,4,-0.16043636635417363,too_many_steps
1,4,-0.054784836298636036,too_many_steps
2,4,-0.0718898467864793,too_many_steps
4,4,-0.05901049288569438,too_many_steps
5,4,-0.21572516957040067,too_many_steps
6,4,-0.1001911966974215,too_many_steps
7,4,-0.1321859235857264,too_many_steps
8,4,-0.045708873617394286,too_many_steps
9,4,-0.19549904201234786,too_many_steps
10,4,-0.019894710913176353,too_many_steps
11,4,-0.06757758364549697,too_many_steps
3,5,-0.0009612633433762167,too_many_steps
2,5,0.0003889402073738932,perfect
0,5,-0.1359066276723843,too_many_steps
1,5,-0.056708641495831213,too_many_steps
4,5,-0.3665556048275437,collision
5,5,-0.07297266063135013,too_many_steps
6,5,-0.14940480952927054,too_many_steps
7,5,-0.03121418318412277,too_many_steps
8,5,-0.11321732332561317,too_many_steps
9,5,-0.10979540672360981,too_many_steps
10,5,-0.05596360732928231,too_many_steps
11,5,-0.06468892878887374,too_many_steps
3,6,-0.16787730737156736,too_many_steps
2,6,-0.09181482152279535,too_many_steps
0,6,-0.11534644588041344,too_many_steps
1,6,-0.057503737559818385,too_many_steps
4,6,-0.07535719140919482,too_many_steps
5,6,-0.046221931361027535,too_many_steps
6,6,-0.07687943454469073,too_many_steps
7,6,-0.20636943469549368,too_many_steps
8,6,-0.09514294002681731,too_many_steps
9,6,-0.08249121114917198,too_many_steps
10,6,-0.07797527903286663,too_many_steps
11,6,-0.15583726188799657,too_many_steps
3,7,-0.07642581667844786,too_many_steps
2,7,-0.1457293750451584,too_many_steps
5,7,0.00014704066823137754,perfect
0,7,-0.0501204043585963,too_many_steps
1,7,-0.07489774714167105,too_many_steps
4,7,-0.16669011189874544,too_many_steps
6,7,-0.1083117645315446,too_many_steps
7,7,-0.044398954158686166,too_many_steps
8,7,-0.0772988344346186,too_many_steps
9,7,-0.05298248407862849,too_many_steps
10,7,-0.018714322861856984,too_many_steps
11,7,-0.15456286922642692,too_many_steps
3,8,-0.07758762394830442,too_many_steps
2,8,-0.0868939622099621,too_many_steps
5,8,-0.12273626195038176,too_many_steps
0,8,-0.06711163269446671,too_many_steps
1,8,-0.07489710563334308,too_many_steps
4,8,-0.1501274830116045,too_many_steps
6,8,-0.053862527552460224,too_many_steps
7,8,-0.29593216666800154,too_many_steps
8,8,-0.0970282187071921,too_many_steps
9,8,-0.041493682932272485,too_many_steps
10,8,-0.0368575785003734,too_many_steps
11,8,-0.14247251741895167,too_many_steps
3,9,-0.1275926160879904,too_many_steps
2,9,-0.029904691007733505,too_many_steps
5,9,-0.058517134128023174,too_many_steps
0,9,-0.0480409035182599,too_many_steps
1,9,-0.06496889089500077,too_many_steps
4,9,-0.1031601536414524,too_many_steps
6,9,-0.2512945834207881,too_many_steps
7,9,-0.0886887453916782,too_many_steps
8,9,-0.06860018305368952,too_many_steps
9,9,-0.052169395958643755,too_many_steps
10,9,-0.09885706243984213,too_many_steps
11,9,-0.3129735417330589,collision
1,10,0.0017193937814112131,perfect
3,10,-0.14168041074243315,too_many_steps
2,10,-0.17439198823104193,too_many_steps
5,10,-0.07528463146672108,too_many_steps
0,10,-0.28597954204854875,too_many_steps
4,10,-0.06327594235764797,too_many_steps
6,10,-0.3922766255656469,collision
7,10,-0.08319310140784354,too_many_steps
8,10,-0.024230988373104525,too_many_steps
9,10,-0.0796775731966308,too_many_steps
10,10,-0.09595717273100414,too_many_steps
11,10,-0.030640009504010277,too_many_steps
1,11,-0.07685356101019283,too_many_steps
3,11,-0.06594478294988483,too_many_steps
2,11,-0.04673718294694926,too_many_steps
5,11,-0.033816711273626815,too_many_steps
0,11,-0.2190397429890858,too_many_steps
4,11,-0.2701186962047766,too_many_steps
6,11,-0.05914401462525695,too_many_steps
7,11,-0.17947264364904722,too_many_steps
8,11,-0.06449959030065758,too_many_steps
9,11,-0.128460851117471,too_many_steps
10,11,-0.042663120734905094,too_many_steps
11,11,-0.10083245545887937,too_many_steps
6,12,0.0011322572417293113,perfect
1,12,-0.0795464326348203,too_many_steps
3,12,-0.021106699583558344,too_many_steps
2,12,-0.32834669787850757,collision
5,12,-0.27967008044660707,too_many_steps
0,12,-0.1945793148436342,too_many_steps
4,12,-0.08421428022575936,too_many_steps
7,12,-0.12945373298329962,too_many_steps
8,12,-0.05353995521989302,too_many_steps
9,12,-0.14286073513462186,too_many_steps
10,12,-0.07267139344685021,too_many_steps
11,12,-0.2177158816820728,too_many_steps
6,13,-0.04969033028295616,too_many_steps
1,13,-0.06056202740557523,too_many_steps
3,13,-0.024814200446324,too_many_steps
2,13,-0.06885360170259482,too_many_steps
5,13,-0.12939324588336693,too_many_steps
0,13,-0.1304265650583898,too_many_steps
4,13,-0.11662827286637563,too_many_steps
7,13,-0.22634933817462757,too_many_steps
8,13,-0.0768587620742911,too_many_steps
9,13,-0.0676308082618912,too_many_steps
10,13,-0.24694281341135038,too_many_steps
11,13,-0.06126079531275275,too_many_steps
6,14,-0.031198856581049098,too_many_steps
1,14,-0.23000183274601493,too_many_steps
3,14,-0.10938702447454189,too_many_steps
0,14,0.003747412374713984,perfect
2,14,-0.09108175899252449,too_many_steps
5,14,-0.15604155679068438,too_many_steps
4,14,-0.31507257481143647,collision
7,14,-0.08527621405632674,too_many_steps
8,14,-0.056358868767924106,too_many_steps
9,14,-0.22557642974668968,too_many_steps
10,14,-0.14169121284886782,too_many_steps
11,14,-0.06632292695670713,too_many_steps
6,15,-0.3053745976043704,collision
1,15,-0.10737225372392682,too_many_steps
3,15,-0.034245990134538926,too_many_steps
0,15,-0.009530480125907428,too_many_steps
2,15,-0.21612514799446753,too_many_steps
5,15,-0.02755061937362893,too_many_steps
4,15,-0.07921402513726201,too_many_steps
7,15,-0.09847659047801227,too_many_steps
8,15,-0.1619306520969123,too_many_steps
9,15,-0.019199423875993504,too_many_steps
10,15,-0.15974146199925848,too_many_steps
11,15,-0.022121717167221052,too_many_steps
6,16,-0.10867720180560046,too_many_steps
7,16,0.0002243426831516522,perfect
1,16,-0.10765336195852883,too_many_steps
3,16,-0.1729154461120215,too_many_steps
0,16,-0.23548233706830057,too_many_steps
2,16,-0.10141329774015309,too_many_steps
5,16,-0.07309797838734418,too_many_steps
4,16,-0.3573265500365361,collision
8,16,-0.1218383239809432,too_many_steps
9,16,-0.0060650129352971364,too_many_steps
10,16,-0.028972946156274448,too_many_steps
11,16,-0.08574640747686886,too_many_steps
6,17,-0.2665962257120636,too_many_steps
7,17,-0.0387617889614513,too_many_steps
1,17,-0.0557548798942029,too_many_steps
3,17,-0.40778074129824343,collision
0,17,-0.058970187570904484,too_many_steps
2,17,-0.0710444227651951,too_many_steps
5,17,-0.14786519066869702,too_many_steps
4,17,-0.11177120547039898,too_many_steps
8,17,-0.0514624355250453,too_many_steps
9,17,-0.07411054086961275,too_many_steps
10,17,-0.07980606227709253,too_many_steps
11,17,-0.03515534426206947,too_many_steps
6,18,-0.06431279373056528,too_many_steps
7,18,-0.09671090166949334,too_many_steps
1,18,-0.11570392681937054,too_many_steps
3,18,-0.14791157830421592,too_many_steps
0,18,-0.07782749411626912,too_many_steps
2,18,-0.06912831078644813,too_many_steps
5,18,-0.13579357205887455,too_many_steps
4,18,-0.14612232619371368,too_many_steps
8,18,-0.07799141522253368,too_many_steps
9,18,-0.11207270276969268,too_many_steps
10,18,-0.12803025054145523,too_many_steps
11,18,-0.29013855400569216,too_many_steps
6,19,-0.0874986750055771,too_many_steps
7,19,-0.07955679246571315,too_many_steps
1,19,-0.13584412734851892,too_many_steps
3,19,-0.08229146239296554,too_many_steps
0,19,-0.00831432018228714,too_many_steps
2,19,-0.11709123378146653,too_many_steps
5,19,-0.05132270151725747,too_many_steps
4,19,-0.07172219498796303,too_many_steps
8,19,-0.06828204431538835,too_many_steps
9,19,-0.1408025988269132,too_many_steps
10,19,-0.09572619157646002,too_many_steps
11,19,-0.07058983750756635,too_many_steps
6,20,-0.0898434035283716,too_many_steps
7,20,-0.11709783130069819,too_many_steps
1,20,-0.13383563440392438,too_many_steps
3,20,-0.12568241450345177,too_many_steps
0,20,-0.06137450207877096,too_many_steps
8,20,0.0020652156187467297,perfect
2,20,-0.015275600475630095,too_many_steps
5,20,-0.005479668779457839,too_many_steps
4,20,-0.07519276160597067,too_many_steps
9,20,-0.04625962819401644,too_many_steps
10,20,-0.08118233389979054,too_many_steps
11,20,-0.1427781302579889,too_many_steps
6,21,-0.033840798697721344,too_many_steps
7,21,-0.21091667748781068,too_many_steps
1,21,-0.07816159811315643,too_many_steps
3,21,-0.04278610280839838,too_many_steps
0,21,-0.029197236385212714,too_many_steps
8,21,-0.05883026123213078,too_many_steps
2,21,-0.03619385369313263,too_many_steps
5,21,-0.18341479428758897,too_many_steps
4,21,-0.3659208212491203,collision
9,21,-0.02057971715690046,too_many_steps
10,21,-0.0782982216115353,too_many_steps
11,21,-0.10797793532115389,too_many_steps
6,22,-0.08725802428412534,too_many_steps
7,22,-0.09475537463846272,too_many_steps
1,22,-0.02197732980868002,too_many_steps
3,22,-0.06601793376964087,too_many_steps
0,22,-0.08181725326771193,too_many_steps
8,22,-0.08389873510425296,too_many_steps
2,22,-0.033654863920565506,too_many_steps
5,22,-0.04553013568662494,too_many_steps
4,22,-0.11694017948154738,too_many_steps
9,22,-0.1440727211125723,too_many_steps
10,22,-0.05593651488760429,too_many_steps
11,22,-0.12769610959094224,too_many_steps
6,23,-0.04996715962327375,too_many_steps
7,23,-0.011907914783164487,too_many_steps
1,23,-0.045657461692634724,too_many_steps
3,23,-0.06998973448662821,too_many_steps
0,23,-0.06723140243402072,too_many_steps
2,23,0.00032025924366587896,perfect
8,23,-0.026580214237860913,too_many_steps
5,23,-0.10231790076909705,too_many_steps
10,23,0.0011557064566608856,perfect
4,23,-0.15747776067706354,too_many_steps
9,23,-0.017988028337024915,too_many_steps
11,23,-0.029944149493790113,too_many_steps
6,24,-0.04488975953403722,too_many_steps
7,24,-0.23260297656652787,too_many_steps
1,24,-0.12296964264325784,too_many_steps
3,24,-0.05618306672466587,too_many_steps
0,24,-0.08248162565976697,too_many_steps
2,24,-0.08217274926350944,too_many_steps
8,24,-0.10660573110214012,too_many_steps
5,24,-0.09191379596732253,too_many_steps
10,24,-0.09411099159595335,too_many_steps
5,25,0.0025021355096010757,perfect
4,24,-0.14530161738948,too_many_steps
9,24,-0.0792823154808979,too_many_steps
11,24,-0.0502330938982747,too_many_steps
6,25,-0.21991880500715,too_many_steps
7,25,-0.06803669705667069,too_many_steps
1,25,-0.07180390361688581,too_many_steps
3,25,-0.35113879856837715,collision
0,25,-0.05616262114499593,too_many_steps
2,25,-0.07798399199121808,too_many_steps
8,25,-0.003078892989072029,too_many_steps
10,25,-0.1720995381272715,too_many_steps
5,26,-0.24526975757746872,too_many_steps
4,25,-0.047301694819507065,too_many_steps
9,25,-0.033236299751776555,too_many_steps
11,25,-0.09306652995383999,too_many_steps
6,26,-0.032134683902495964,too_many_steps
7,26,-0.01583307832846557,too_many_steps
1,26,-0.054144057293219736,too_many_steps
3,26,-0.010505411835460932,too_many_steps
0,26,-0.12445954407177105,too_many_steps
2,26,-0.039982183142758046,too_many_steps
8,26,-0.10775154026584494,too_many_steps
9,26,0.006372641347010105,perfect
10,26,-0.10294979793538608,too_many_steps
5,27,-0.12272551268366995,too_many_steps
4,26,-0.09071088271229928,too_many_steps
11,26,-0.08056824670320793,too_many_steps
6,27,-0.38075783652663964,collision
7,27,-0.1103160267299461,too_many_steps
1,27,-0.1976965364011909,too_many_steps
3,27,-0.030597223665950638,too_many_steps
0,27,-0.18011004860206176,too_many_steps
2,27,-0.13338178650053759,too_many_steps
8,27,-0.047003008228450466,too_many_steps
9,27,-0.09288113091673363,too_many_steps
10,27,-0.028839264654619837,too_many_steps
5,28,-0.040520459801096004,too_many_steps
4,27,-0.0452211766973223,too_many_steps
11,27,-0.13980437585608463,too_many_steps
6,28,-0.08025081927685751,too_many_steps
7,28,-0.3169359842359757,collision
1,28,-0.041199276423073014,too_many_steps
3,28,-0.1555100346297257,too_many_steps
0,28,-0.24202181451494317,too_many_steps
2,28,-0.07474379276588382,too_many_steps
8,28,-0.035009592172860995,too_many_steps
9,28,-0.0412114978526886,too_many_steps
10,28,-0.04788818726254408,too_many_steps
5,29,-0.08078746533593416,too_many_steps
4,28,-0.1394383701925735,too_many_steps
11,28,-0.07166521498672537,too_many_steps
6,29,-0.12466149970570085,too_many_steps
7,29,-0.03927384772340135,too_many_steps
1,29,-0.11756250806959564,too_many_steps
3,29,-0.026906125419259644,too_many_steps
0,29,-0.07360971151827628,too_many_steps
2,29,-0.13619077870190494,too_many_steps
8,29,-0.08128669604203634,too_many_steps
9,29,-0.12483713382360763,too_many_steps
10,29,-0.04105022696752153,too_many_steps
5,30,-0.0855827333623491,too_many_steps
4,29,-0.05844511573766743,too_many_steps
11,29,-0.04299280567088146,too_many_steps
6,30,-0.0669099736452794,too_many_steps
7,30,-0.096567157090435,too_many_steps
1,30,-0.018664331610909548,too_many_steps
3,30,-0.025683521652185393,too_many_steps
0,30,-0.07121661255902956,too_many_steps
2,30,-0.06360376580526046,too_many_steps
8,30,-0.08123168167280861,too_many_steps
9,30,-0.32684667975797166,collision
10,30,-0.3938883112396723,collision
5,31,-0.08644671318568886,too_many_steps
4,30,-0.0019485865026144418,too_many_steps
11,30,-0.09221609185049286,too_many_steps
6,31,-0.14832837031160556,too_many_steps
7,31,-0.015814013780698907,too_many_steps
1,31,-0.33118397255466775,collision
3,31,-0.07840554583617466,too_many_steps
0,31,-0.11251470807191317,too_many_steps
2,31,-0.048370024619046104,too_many_steps
8,31,-0.01905097402111452,too_many_steps
9,31,-0.007661915705788627,too_many_steps
10,31,-0.11799680033882483,too_many_steps
5,32,-0.040711079735053585,too_many_steps
4,31,-0.07250258650133402,too_many_steps
11,31,-0.20556955147599862,too_many_steps
6,32,-0.11914027736503942,too_many_steps
7,32,-0.0007475897975698503,too_many_steps
1,32,-0.2597370612831646,too_many_steps
3,32,-0.04139458061369168,too_many_steps
0,32,-0.2738495119856909,too_many_steps
2,32,-0.10041151597503879,too_many_steps
8,32,-0.20485903450758736,too_many_steps
9,32,-0.11924244917935138,too_many_steps
10,32,-0.15740335937993116,too_many_steps
5,33,-0.03189574695551892,too_many_steps
4,32,-0.06526428272483044,too_many_steps
11,32,-0.11611161544828606,too_many_steps
6,33,-0.06973397700683003,too_many_steps
7,33,-0.02784160523477133,too_many_steps
1,33,-0.09391443129712068,too_many_steps
3,33,-0.1060746263716178,too_many_steps
0,33,-0.04794293368634904,too_many_steps
2,33,-0.020631648031820087,too_many_steps
8,33,-0.12351074821504608,too_many_steps
9,33,-0.03712632809313711,too_many_steps
3,34,0.004844584269097566,perfect
10,33,-0.08792040397891422,too_many_steps
5,34,-0.10376955722613733,too_many_steps
4,33,-0.04738070708296653,too_many_steps
11,33,-0.024775451752374774,too_many_steps
6,34,-0.19694300194220613,too_many_steps
7,34,-0.17375173852588466,too_many_steps
1,34,-0.07659098876551292,too_many_steps
0,34,-0.025289546712035,too_many_steps
2,34,-0.06902487120846519,too_many_steps
8,34,-0.09999959009782254,too_many_steps
9,34,-0.049473936288106576,too_many_steps
3,35,-0.0266913305499993,too_many_steps
10,34,-0.10108258939543237,too_many_steps
5,35,-0.12818205075304942,too_many_steps
4,34,-0.13290095038371263,too_many_steps
11,34,-0.14083436376308545,too_many_steps
11,35,0.0023060745978285314,perfect
6,35,-0.09844205432105096,too_many_steps
7,35,-0.010650414830547131,too_many_steps
1,35,-0.1444261912903252,too_many_steps
0,35,-0.12475043695978404,too_many_steps
2,35,-0.11234119844377626,too_many_steps
8,35,-0.07001382614101273,too_many_steps
9,35,-0.07613997433198205,too_many_steps
3,36,-0.04218293798152521,too_many_steps
10,35,-0.011082546894575076,too_many_steps
5,36,-0.13558248841955528,too_many_steps
4,35,-0.10345769239386293,too_many_steps
11,36,-0.07668670710699504,too_many_steps
6,36,-0.06385425737613679,too_many_steps
7,36,-0.28535307177777236,too_many_steps
1,36,-0.0783227150656502,too_many_steps
0,36,-0.05869002297510581,too_many_steps
2,36,-0.047489961009334974,too_many_steps
8,36,-0.18477772831293088,too_many_steps
9,36,-0.13709603907987813,too_many_steps
3,37,-0.3704094697293422,collision
10,36,-0.1504791122008485,too_many_steps
5,37,-0.05025308252914763,too_many_steps
4,36,-0.06430952575331089,too_many_steps
11,37,-0.2728066725278617,too_many_steps
6,37,-0.08637322598790081,too_many_steps
7,37,-0.038742052411196146,too_many_steps
1,37,-0.08357970368199558,too_many_steps
0,37,-0.1792340365831867,too_many_steps
2,37,-0.042569735582976276,too_many_steps
8,37,-0.08700763276416912,too_many_steps
9,37,-0.06935303923526391,too_many_steps
3,38,-0.028312787517082338,too_many_steps
10,37,-0.17003157639796596,too_many_steps
5,38,-0.1486656936204997,too_many_steps
4,37,-0.07061987834906205,too_many_steps
11,38,-0.3435835693939817,collision
5,39,0.00036350437969367294,perfect
6,38,-0.04251590207609576,too_many_steps
7,38,-0.10591237425714313,too_many_steps
1,38,-0.09124242156586221,too_many_steps
0,38,-0.08653884059485267,too_many_steps
2,38,-0.11148510790322287,too_many_steps
8,38,-0.0381706079532374,too_many_steps
9,38,-0.3266685489669259,collision
3,39,-0.007441861370269191,too_many_steps
0,39,0.005457497146186846,perfect
10,38,-0.2654841943540092,too_many_steps
4,38,-0.06819790466069373,too_many_steps
11,39,-0.08134132681272492,too_many_steps
5,40,-0.0780814815737687,too_many_steps
6,39,-0.00995678803341635,too_many_steps
7,39,-0.17899071441245154,too_many_steps
1,39,-0.010844877905397492,too_many_steps
2,39,-0.12673790707900057,too_many_steps
8,39,-0.02869930086679864,too_many_steps
9,39,-0.022587885822996753,too_many_steps
3,40,-0.06764026317554077,too_many_steps
0,40,-0.15694208072195207,too_many_steps
10,39,-0.04046765026877147,too_many_steps
4,39,-0.04138652424696326,too_many_steps
11,40,-0.09048316826944447,too_many_steps
5,41,-0.05918547336462461,too_many_steps
6,40,-0.09237986412687188,too_many_steps
7,40,-0.07259077977877151,too_many_steps
1,40,-0.05664352227290105,too_many_steps
2,40,-0.03300466546440492,too_many_steps
8,40,-0.09573911924803606,too_many_steps
9,40,-0.01695690241959565,too_many_steps
3,41,-0.26268119134923884,too_many_steps
0,41,-0.11462267204575168,too_many_steps
10,40,-0.14872608831746803,too_many_steps
4,40,-0.04012506778663538,too_many_steps
11,41,-0.13519862384278727,too_many_steps
5,42,-0.06470694846698971,too_many_steps
6,41,-0.06946062153115343,too_many_steps
7,41,-0.05356515648654647,too_many_steps
1,41,-0.05976840546577676,too_many_steps
2,41,-0.01925404358783055,too_many_steps
8,41,-0.1234435727378959,too_many_steps
2,42,0.0037740754644856357,perfect
9,41,-0.01879446863867561,too_many_steps
3,42,-0.29730588940773395,too_many_steps
0,42,-0.08085910259487025,too_many_steps
10,41,-0.047390735103924414,too_many_steps
4,41,-0.1996467454756108,too_many_steps
11,42,-0.1400376818150612,too_many_steps
5,43,-0.001486868878614326,too_many_steps
6,42,-0.011055262072743599,too_many_steps
7,42,-0.06693442832682028,too_many_steps
1,42,-0.22179028079397356,too_many_steps
8,42,-0.06328294236277855,too_many_steps
2,43,-0.0007416568012835884,too_many_steps
9,42,-0.06300968062197869,too_many_steps
3,43,-0.03661938681272496,too_many_steps
0,43,-0.1308113450746622,too_many_steps
10,42,-0.17652711308533375,too_many_steps
4,42,-0.15446164854102906,too_many_steps
11,43,-0.058998828610302353,too_many_steps
5,44,-0.045152166420839565,too_many_steps
6,43,-0.09351674434587079,too_many_steps
7,43,-0.0338800992481032,too_many_steps
1,43,-0.09004143811142817,too_many_steps
8,43,-0.17032315714944657,too_many_steps
2,44,-0.07220114974873376,too_many_steps
9,43,-0.22800560005099735,too_many_steps
3,44,-0.31250565087095006,collision
0,44,-0.039663428319896096,too_many_steps
10,43,-0.017179053635479603,too_many_steps
4,43,-0.029489978044976124,too_many_steps
11,44,-0.09496962923684174,too_many_steps
5,45,-0.010995267709238862,too_many_steps
6,44,-0.033591138228917225,too_many_steps
7,44,-0.024629741555392184,too_many_steps
1,44,-0.13887724506371685,too_many_steps
8,44,-0.02947676712509484,too_many_steps
2,45,-0.07690607932574538,too_many_steps
9,44,-0.04566823611628233,too_many_steps
3,45,-0.08487551167622846,too_many_steps
0,45,-0.08809837648546762,too_many_steps
10,44,-0.007653269829779114,too_many_steps
4,44,-0.03444856436788167,too_many_steps
11,45,-0.1702246240897407,too_many_steps
5,46,-0.11585026093744565,too_many_steps
6,45,-0.006865397865957572,too_many_steps
7,45,-0.02264962530132972,too_many_steps
1,45,-0.10706465296327326,too_many_steps
8,45,-0.03871542277958824,too_many_steps
2,46,-0.036568802471277154,too_many_steps
9,45,-0.06263956322526577,too_many_steps
3,46,-0.006618764515085144,too_many_steps
0,46,-0.10803285859849708,too_many_steps
10,45,-0.04915282593775966,too_many_steps
4,45,-0.12239040367040598,too_many_steps
10,46,0.003155874459611477,perfect
11,46,-0.38560726645981536,collision
5,47,-0.016499976063332294,too_many_steps
6,46,-0.11286345721426826,too_many_steps
7,46,-0.10069706622036544,too_many_steps
1,46,-0.050632297495655815,too_many_steps
8,46,-0.12035253248593197,too_many_steps
2,47,-0.3570765653491649,collision
9,46,-0.07047649642658778,too_many_steps
3,47,-0.07275391377473711,too_many_steps
0,47,-0.06320319924354122,too_many_steps
4,46,-0.03671365752880709,too_many_steps
10,47,-0.06358771348275113,too_many_steps
11,47,-0.08249535834733174,too_many_steps
5,48,-0.06902002263394987,too_many_steps
6,47,-0.05717927220653894,too_many_steps
7,47,-0.058598098270853716,too_many_steps
1,47,-0.06720612003716357,too_many_steps
8,47,-0.2287896300866836,too_many_steps
2,48,-0.09275578529178677,too_many_steps
9,47,-0.1366650170711306,too_many_steps
3,48,-0.1306656416880325,too_many_steps
0,48,-0.08296544020222953,too_many_steps
4,47,-0.08742740428545755,too_many_steps
10,48,-0.04034216621537963,too_many_steps
11,48,-0.04170086861470415,too_many_steps
5,49,-0.15281132923199126,too_many_steps
6,48,-0.08873440807176954,too_many_steps
7,48,-0.33860456133182365,collision
1,48,-0.07076759833655775,too_many_steps
8,48,-0.08313653825492118,too_many_steps
2,49,-0.20225196146515184,too_many_steps
9,48,-0.044392193820452217,too_many_steps
3,49,-0.4286662164968916,collision
0,49,-0.24322796079995251,too_many_steps
4,48,-0.050574280032138305,too_many_steps
10,49,-0.09617642472738142,too_many_steps
11,49,-0.0600214778931894,too_many_steps
5,50,-0.11985781653361834,too_many_steps
6,49,-0.09552836471610573,too_many_steps
7,49,-0.007327673927074976,too_many_steps
1,49,-0.0793975955563027,too_many_steps
8,49,-0.031275735953237516,too_many_steps
2,50,-0.10663396537338055,too_many_steps
9,49,-0.18040850278685128,too_many_steps
3,50,-0.0415145196875607,too_many_steps
0,50,-0.01823682818242633,too_many_steps
4,49,-0.031227011523229573,too_many_steps
10,50,-0.0825590961242929,too_many_steps
11,50,-0.1011846341474821,too_many_steps
5,51,-0.06726909777378577,too_many_steps
6,50,-0.10143220306351441,too_many_steps
7,50,-0.12492826581332335,too_many_steps
1,50,-0.07199844027086867,too_many_steps
8,50,-0.05964191961410413,too_many_steps
2,51,-0.050985009098383244,too_many_steps
9,50,-0.10665179608336739,too_many_steps
3,51,-0.11932806000572106,too_many_steps
8,51,0.0046206075788611245,perfect
0,51,-0.07869699693845827,too_many_steps
11,51,0.00410740098044092,perfect
4,50,-0.12729901130456037,too_many_steps
10,51,-0.3075135123094971,collision
5,52,-0.06693670637332427,too_many_steps
6,51,-0.056988327737066094,too_many_steps
7,51,-0.1337237332188943,too_many_steps
1,51,-0.300704731245435,collision
2,52,-0.032216867820553885,too_many_steps
9,51,-0.040672317722555154,too_many_steps
3,52,-0.3306451737969295,collision
8,52,-0.23369369582074273,too_many_steps
0,52,-0.03726203814760248,too_many_steps
11,52,-0.16684976514236194,too_many_steps
4,51,-0.042423191847726915,too_many_steps
10,52,-0.07586155444843061,too_many_steps
5,53,-0.11516659521922755,too_many_steps
6,52,-0.14848040225740347,too_many_steps
7,52,-0.3283302671045604,collision
1,52,-0.030463182912197056,too_many_steps
2,53,-0.2274478983285064,too_many_steps
9,52,-0.1077094005690693,too_many_steps
3,53,-0.037753354280053705,too_many_steps
8,53,-0.08589473121194896,too_many_steps
0,53,-0.03821115700170906,too_many_steps
11,53,-0.06226061980122044,too_many_steps
4,52,-0.05825586051387008,too_many_steps
10,53,-0.011204658868517691,too_many_steps
5,54,-0.05127322374816981,too_many_steps
6,53,-0.0997601539169038,too_many_steps
7,53,-0.20230812879766752,too_many_steps
1,53,-0.10995867135924271,too_many_steps
2,54,-0.05325994520324501,too_many_steps
9,53,-0.10875021863326818,too_many_steps
3,54,-0.19982506550442014,too_many_steps
8,54,-0.1616947962872916,too_many_steps
0,54,-0.05841238793372981,too_many_steps
11,54,-0.012943145455188054,too_many_steps
4,53,-0.11611466550804787,too_many_steps
10,54,-0.04475250678241678,too_many_steps
5,55,-0.1000621087156587,too_many_steps
6,54,-0.2340836929619301,too_many_steps
7,54,-0.13062165610195875,too_many_steps
5,56,0.0005583485846309584,perfect
1,54,-0.10826703173537931,too_many_steps
2,55,-0.27290882105156106,too_many_steps
9,54,-0.04961037519261398,too_many_steps
3,55,-0.10879053926722272,too_many_steps
8,55,-0.07784279445751127,too_many_steps
0,55,-0.04678195475883734,too_many_steps
11,55,-0.14230347485885642,too_many_steps
4,54,-0.03685834597782216,too_many_steps
10,55,-0.0029421862552785442,too_many_steps
6,55,-0.13341488275861765,too_many_steps
7,55,-0.05797043519274919,too_many_steps
5,57,-0.0890399247177611,too_many_steps
1,55,-0.21336814396103437,too_many_steps
2,56,-0.06032560541469614,too_many_steps
2,57,6.167612072423626e-05,perfect
9,55,-0.16525657091777404,too_many_steps
3,56,-0.06925450791265221,too_many_steps
8,56,-0.2725650504242016,too_many_steps
0,56,-0.04787268618246683,too_many_steps
11,56,-0.11520703514547405,too_many_steps
4,55,-0.0687098499131313,too_many_steps
10,56,-0.057289194994501066,too_many_steps
6,56,-0.033907457100937746,too_many_steps
7,56,-0.016344892903235052,too_many_steps
5,58,-0.03099519525236472,too_many_steps
1,56,-0.27954310746738104,too_many_steps
2,58,-0.0945366192119847,too_many_steps
9,56,-0.03056595144204907,too_many_steps
3,57,-0.09934644419475577,too_many_steps
8,57,-0.2134669181671398,too_many_steps
0,57,-0.08469330825331758,too_many_steps
11,57,-0.03867849634636911,too_many_steps
4,56,-0.14906459508795863,too_many_steps
10,57,-0.06955142425510671,too_many_steps
6,57,-0.04422626850958823,too_many_steps
7,57,-0.008718315780142857,too_many_steps
5,59,-0.09514451261976045,too_many_steps
1,57,-0.15215012096941538,too_many_steps
2,59,-0.03442818739345585,too_many_steps
9,57,-0.23406450824055017,too_many_steps
3,58,-0.06764984136959154,too_many_steps
8,58,-0.07684872501367097,too_many_steps
0,58,-0.1225021977490403,too_many_steps
11,58,-0.11357261941714242,too_many_steps
4,57,-0.07843846111469222,too_many_steps
10,58,-0.06596055034163159,too_many_steps
2,60,0.001070705377401046,perfect
6,58,-0.05486304871852116,too_many_steps
7,58,-0.05204432226435529,too_many_steps
5,60,-0.16385814573194615,too_many_steps
1,58,-0.263829362771614,too_many_steps
9,58,-0.1549419732876675,too_many_steps
3,59,-0.04561075117351293,too_many_steps
8,59,-0.059946340233851356,too_many_steps
0,59,-0.06041438241609563,too_many_steps
11,59,-0.09981785112352229,too_many_steps
4,58,-0.04507234891785014,too_many_steps
10,59,-0.1177013760744984,too_many_steps
2,61,-0.11329816118790746,too_many_steps
6,59,-0.016820638079578783,too_many_steps
7,59,-0.08748682390002971,too_many_steps
5,61,-0.09966106624790784,too_many_steps
1,59,-0.24055010810067476,too_many_steps
9,59,-0.18967804658768161,too_many_steps
3,60,-0.028101307684070372,too_many_steps
8,60,-0.025288517324042376,too_many_steps
0,60,-0.0769073669360131,too_many_steps
11,60,-0.19447286822992602,too_many_steps
4,59,-0.0281645732341403,too_many_steps
10,60,-0.043824791305833735,too_many_steps
2,62,-0.13443241303986161,too_many_steps
6,60,-0.06196614385953533,too_many_steps
7,60,-0.2666693581518763,too_many_steps
5,62,-0.0008975204592626372,too_many_steps
1,60,-0.07933266658269417,too_many_steps
9,60,-0.10883822362385466,too_many_steps
3,61,-0.048227531203644605,too_many_steps
8,61,-0.00637271987978745,too_many_steps
0,61,-0.14871495434296092,too_many_steps
11,61,-0.052333550388056746,too_many_steps
4,60,-0.09069242791250316,too_many_steps
10,61,-0.01618121852607006,too_many_steps
2,63,-0.0408709083558839,too_many_steps
6,61,-0.24505543750880682,too_many_steps
7,61,-0.04709656486829154,too_many_steps
5,63,-0.06762565513240595,too_many_steps
1,61,-0.13696583934873297,too_many_steps
9,61,-0.035697498851864976,too_many_steps
3,62,-0.32140405896187163,collision
8,62,-0.10349945580646817,too_many_steps
0,62,-0.03124804707743781,too_many_steps
11,62,-0.08028284444986829,too_many_steps
4,61,-0.24259853582584429,too_many_steps
10,62,-0.33195671296610996,collision
2,64,-0.25792093687379414,too_many_steps
6,62,-0.04016687208687991,too_many_steps
7,62,-0.12097105575625793,too_many_steps
5,64,-0.2611535873613304,too_many_steps
1,62,-0.08974790826938632,too_many_steps
9,62,-0.1582786226510742,too_many_steps
3,63,-0.03945625861700211,too_many_steps
8,63,-0.09390799131294779,too_many_steps
0,63,-0.17135045551043718,too_many_steps
11,63,-0.24099968799833396,too_many_steps
4,62,-0.1957481232862335,too_many_steps
10,63,-0.06268814579885142,too_many_steps
2,65,-0.00045287434335396573,too_many_steps
6,63,-0.0632207509771968,too_many_steps
7,63,-0.03892404599635288,too_many_steps
5,65,-0.07047929570538149,too_many_steps
2,66,0.0012262208606124113,perfect
1,63,-0.11029206727072229,too_many_steps
9,63,-0.20381086114930988,too_many_steps
3,64,-0.3727577976920138,collision
8,64,-0.0880967914051162,too_many_steps
0,64,-0.1610989085623185,too_many_steps
11,64,-0.047289443795463335,too_many_steps
4,63,-0.42752755450839836,collision
10,64,-0.05697036560923435,too_many_steps
6,64,-0.041977458930214456,too_many_steps
7,64,-0.10138107896168916,too_many_steps
5,66,-0.06810669904060836,too_many_steps
2,67,-0.013729776535244997,too_many_steps
7,65,0.007762376736394766,perfect
1,64,-0.1348408146771167,too_many_steps
9,64,-0.1664468013358178,too_many_steps
3,65,-0.2814716200273391,too_many_steps
8,65,-0.1555353831653936,too_many_steps
0,65,-0.3751538455857091,collision
11,65,-0.04929603638306079,too_many_steps
4,64,-0.05128474349657984,too_many_steps
10,65,-0.10513195066649199,too_many_steps
6,65,-0.1743919370500887,too_many_steps
5,67,-0.08136545821033483,too_many_steps
2,68,-0.18297831174915694,too_many_steps
7,66,-0.2031690952383662,too_many_steps
1,65,-0.07732115745494024,too_many_steps
7,67,0.0004894524902595114,perfect
9,65,-0.0640287221252209,too_many_steps
3,66,-0.12698423541625567,too_many_steps
8,66,-0.04649808023726132,too_many_steps
0,66,-0.05892531294201486,too_many_steps
11,66,-0.12569239115828668,too_many_steps
4,65,-0.15667643187117183,too_many_steps
10,66,-0.11500954495832154,too_many_steps
6,66,-0.0883544869085882,too_many_steps
5,68,-0.11504105138062368,too_many_steps
2,69,-0.0617927689149827,too_many_steps
1,66,-0.42567365510511923,collision
7,68,-0.008050960143478978,too_many_steps
9,66,-0.07422580470490373,too_many_steps
3,67,-0.1131109520097795,too_many_steps
8,67,-0.017183478707183213,too_many_steps
0,67,-0.09559598004978467,too_many_steps
11,67,-0.14812585960642377,too_many_steps
4,66,-0.08124302498564742,too_many_steps
10,67,-0.18298199027868584,too_many_steps
6,67,-0.05516732257797026,too_many_steps
5,69,-0.06769531603955553,too_many_steps
2,70,-0.08883832324107571,too_many_steps
1,67,-0.15134508295239524,too_many_steps
7,69,-0.04763415692684175,too_many_steps
9,67,-0.04788182194487049,too_many_steps
3,68,-0.21636895347682952,too_many_steps
8,68,-0.050324012299078485,too_many_steps
0,68,-0.09426318477077168,too_many_steps
11,68,-0.08353020265666967,too_many_steps
4,67,-0.15909652700828641,too_many_steps
10,68,-0.12610048981237612,too_many_steps
6,68,-0.1532103048923319,too_many_steps
5,70,-0.0883622197037709,too_many_steps
2,71,-0.0723632046681511,too_many_steps
1,68,-0.05778973701505012,too_many_steps
7,70,-0.11185943484435563,too_many_steps
9,68,-0.2502247429088947,too_many_steps
3,69,-0.0921626657981727,too_many_steps
8,69,-0.08034209182250798,too_many_steps
0,69,-0.05923723672622906,too_many_steps
11,69,-0.16543133179646397,too_many_steps
4,68,-0.07234947113412299,too_many_steps
10,69,-0.06444893425108351,too_many_steps
6,69,-0.04216633389202995,too_many_steps
5,71,-0.05426372713924793,too_many_steps
2,72,-0.07442599270230198,too_many_steps
1,69,-0.2254761583951307,too_many_steps
7,71,-0.08823660294690906,too_many_steps
9,69,-0.0626825895606235,too_many_steps
3,70,-0.09046250534459024,too_many_steps
8,70,-0.04956022124794947,too_many_steps
0,70,-0.13300474918326594,too_many_steps
11,70,-0.12663518052584713,too_many_steps
4,69,-0.07283684147578066,too_many_steps
10,70,-0.07482203456130741,too_many_steps
6,70,-0.13089364251005386,too_many_steps
5,72,-0.05841396891196256,too_many_steps
2,73,-0.051117837504774125,too_many_steps
1,70,-0.05840666424497025,too_many_steps
7,72,0.007044455538781675,perfect
9,70,-0.007951196958404013,too_many_steps
3,71,-0.02791320831768895,too_many_steps
8,71,-0.02377527115645461,too_many_steps
0,71,-0.06723456451384227,too_many_steps
11,71,-0.03579686648268032,too_many_steps
4,70,-0.22831327056188433,too_many_steps
10,71,-0.18299051647836745,too_many_steps
6,71,-0.037701040566026855,too_many_steps
5,73,-0.02688965077037835,too_many_steps
2,74,-0.186399646384372,too_many_steps
1,71,-0.11289342867495523,too_many_steps
7,73,-0.2235161717502182,too_many_steps
9,71,-0.08570917156447042,too_many_steps
3,72,-0.1116892748574848,too_many_steps
8,72,-0.10855995483290436,too_many_steps
0,72,-0.022542085727568033,too_many_steps
11,72,-0.034130510411234036,too_many_steps
4,71,-0.011902043849036061,too_many_steps
10,72,-0.04108925778769554,too_many_steps
6,72,-0.015601657309776574,too_many_steps
5,74,-0.1315758413479376,too_many_steps
2,75,-0.2162835495454573,too_many_steps
1,72,-0.003886365884198318,too_many_steps
7,74,-0.02525471843811836,too_many_steps
0,73,0.0027202029002721152,perfect
9,72,-0.10175683970711989,too_many_steps
3,73,-0.04960219647452423,too_many_steps
8,73,-0.10336847071415703,too_many_steps
11,73,-0.057538570151764765,too_many_steps
4,72,-0.11665439505211912,too_many_steps
10,73,-0.07020074154693051,too_many_steps
6,73,-0.05907363053657766,too_many_steps
5,75,-0.1652580290092128,too_many_steps
2,76,-0.04586651422121445,too_many_steps
1,73,-0.08869746969300142,too_many_steps
7,75,-0.017245817447873114,too_many_steps
0,74,-0.07123591355658793,too_many_steps
9,73,-0.11546875454770038,too_many_steps
3,74,-0.0645879682297517,too_many_steps
8,74,-0.039248843471304334,too_many_steps
11,74,-0.08574917521991197,too_many_steps
4,73,-0.022968507438354224,too_many_steps
10,74,-0.13258137438017562,too_many_steps
6,74,-0.20449608595290145,too_many_steps
5,76,-0.1544394664330447,too_many_steps
2,77,-0.14706885191647517,too_many_steps
1,74,-0.22354680751607517,too_many_steps
7,76,0.007184379832212359,perfect
0,75,-0.07404019421002511,too_many_steps
9,74,-0.0536260810772142,too_many_steps
3,75,-0.3403799052094787,collision
8,75,-0.07792937125493474,too_many_steps
11,75,-0.11092407421452843,too_many_steps
4,74,-0.08474429233554609,too_many_steps
10,75,-0.16973193768489117,too_many_steps
6,75,-0.15703008411065705,too_many_steps
5,77,-0.005726249590018231,too_many_steps
2,78,-0.02748488863097182,too_many_steps
1,75,-0.019563307250102416,too_many_steps
7,77,-0.24338690696533663,too_many_steps
8,76,0.004171860542499378,perfect
0,76,-0.05275003176262655,too_many_steps
9,75,-0.024980588619191408,too_many_steps
3,76,-0.03684830521208207,too_many_steps
11,76,-0.09282937140716006,too_many_steps
4,75,-0.0820081817302918,too_many_steps
10,76,-0.13294501942854398,too_many_steps
6,76,-0.1268617195991073,too_many_steps
5,78,-0.10621452354549153,too_many_steps
2,79,-0.10213634341867367,too_many_steps
1,76,-0.06481974204024339,too_many_steps
7,78,-0.17798464088849852,too_many_steps
8,77,-0.06437712693143142,too_many_steps
11,77,0.010508712440200433,perfect
11,78,0.0017302964970112092,perfect
0,77,-0.09384645819378228,too_many_steps
9,76,-0.0810913055323056,too_many_steps
3,77,-0.02575703357452781,too_many_steps
4,76,-0.11990448155687362,too_many_steps
10,77,-0.08795786326421416,too_many_steps
6,77,-0.09699760694000424,too_many_steps
5,79,-0.11572606756657712,too_many_steps
2,80,-0.1417773014455785,too_many_steps
1,77,-0.08524358419972532,too_many_steps
7,79,-0.01670310266420778,too_many_steps
8,78,-0.02445983061977688,too_many_steps
11,79,-0.2662399615010009,too_many_steps
0,78,-0.032888253084625785,too_many_steps
9,77,-0.1161444615193586,too_many_steps
3,78,-0.10588280889061803,too_many_steps
4,77,-0.08130822730007183,too_many_steps
10,78,-0.3341190270833616,collision
6,78,-0.15784320188362405,too_many_steps
5,80,-0.08977888221521711,too_many_steps
2,81,-0.04676183714828262,too_many_steps
1,78,-0.06090054110460512,too_many_steps
7,80,-0.02749005339915191,too_many_steps
10,79,0.0037764880884080115,perfect
8,79,-0.06015452657579644,too_many_steps
11,80,-0.0921651675334451,too_many_steps
0,79,-0.03287861216271169,too_many_steps
9,78,-0.04103151751869273,too_many_steps
3,79,-0.08452458862549327,too_many_steps
4,78,-0.11190240325692068,too_many_steps
6,79,-0.0861801131428702,too_many_steps
5,81,-0.0982725866760107,too_many_steps
2,82,-0.022839534884388942,too_many_steps
1,79,-0.09419905354355392,too_many_steps
7,81,-0.10340184716659064,too_many_steps
10,80,-0.2246641659430505,too_many_steps
8,80,-0.3292457191202394,collision
11,81,-0.044761940250368046,too_many_steps
0,80,-0.07968329946192688,too_many_steps
9,79,-0.12432775086077263,too_many_steps
3,80,-0.036319403928848124,too_many_steps
4,79,-0.20803017463492887,too_many_steps
6,80,-0.05122407918738907,too_many_steps
5,82,-0.23460748243840715,too_many_steps
2,83,-0.03621304264141392,too_many_steps
1,80,-0.07761994339042821,too_many_steps
7,82,-0.2592767142584993,too_many_steps
10,81,-0.06733951444496104,too_many_steps
8,81,-0.028866771377760687,too_many_steps
11,82,-0.0337610529019937,too_many_steps
7,83,0.0014509516896808981,perfect
0,81,-0.04863547893729614,too_many_steps
9,80,-0.40645206961837405,collision
3,81,-0.01919384462865147,too_many_steps
4,80,-0.22165721230120808,too_many_steps
6,81,-0.1509501951562521,too_many_steps
5,83,-0.027951254122324184,too_many_steps
2,84,-0.05024963176441112,too_many_steps
1,81,-0.0413941550281188,too_many_steps
10,82,-0.03758881080260354,too_many_steps
8,82,-0.22302270471300858,too_many_steps
11,83,-0.06611497690487543,too_many_steps
7,84,-0.06411143214114665,too_many_steps
0,82,-0.03763543466968983,too_many_steps
9,81,-0.02835285820069532,too_many_steps
3,82,-0.16825877342298562,too_many_steps
11,84,8.50113470526187e-06,perfect
4,81,-0.004991795838916607,too_many_steps
6,82,-0.09196867197651469,too_many_steps
5,84,-0.2901181247586535,too_many_steps
2,85,-0.049613437491852874,too_many_steps
1,82,-0.04017997947509663,too_many_steps
10,83,-0.041375370403753955,too_many_steps
8,83,-0.26660027974913253,too_many_steps
7,85,-0.18734788492385657,too_many_steps
0,83,-0.00836510071773246,too_many_steps
9,82,-0.11022013072257558,too_many_steps
3,83,-0.03313610430101874,too_many_steps
11,85,-0.07004292213529767,too_many_steps
4,82,-0.20067947451340284,too_many_steps
6,83,-0.03805086123116504,too_many_steps
5,85,-0.07914544120348257,too_many_steps
2,86,-0.03774361980439811,too_many_steps
1,83,-0.11070012989645821,too_many_steps
10,84,-0.17810569323979217,too_many_steps
8,84,-0.027141976038863775,too_many_steps
7,86,-0.06204647116770558,too_many_steps
0,84,-0.05414528403292701,too_many_steps
9,83,-0.2905582662083863,too_many_steps
3,84,-0.08113236695901554,too_many_steps
11,86,-0.11289570178771448,too_many_steps
4,83,-0.1294182897650203,too_many_steps
6,84,-0.03406376873941727,too_many_steps
5,86,-0.0813554196418262,too_many_steps
2,87,-0.04278791176823528,too_many_steps
1,84,-0.1677372041529411,too_many_steps
10,85,-0.21562364015675212,too_many_steps
8,85,-0.13036921070318264,too_many_steps
7,87,-0.18138994990508273,too_many_steps
0,85,-0.008945563458387106,too_many_steps
9,84,-0.3784460409287655,collision
3,85,-0.024467801546132584,too_many_steps
11,87,-0.28482984794694,too_many_steps
4,84,-0.1490547473680999,too_many_steps
6,85,-0.09071678903284051,too_many_steps
5,87,-0.08823795904359201,too_many_steps
2,88,-0.02160751114455621,too_many_steps
1,85,-0.03893538249155373,too_many_steps
10,86,-0.3306578493464654,collision
8,86,-0.29371234243162436,too_many_steps
7,88,-0.012912060161090876,too_many_steps
0,86,-0.07489791609769621,too_many_steps
9,85,-0.05141845681182504,too_many_steps
3,86,-0.02659385708421114,too_many_steps
11,88,-0.10026832167839145,too_many_steps
4,85,-0.042700120834089986,too_many_steps
6,86,-0.0662462558554392,too_many_steps
5,88,-0.03664269067054694,too_many_steps
2,89,-0.05992552028803902,too_many_steps
1,86,-0.33767073258498803,collision
10,87,-0.05998237205669925,too_many_steps
8,87,-0.1012668198107778,too_many_steps
7,89,-0.2517496805245086,too_many_steps
0,87,-0.2527170985947893,too_many_steps
9,86,-0.1549913059231322,too_many_steps
3,87,-0.07697995905458031,too_many_steps
11,89,-0.07091374520333919,too_many_steps
4,86,-0.10452946513507952,too_many_steps
3,88,0.00702348251208766,perfect
6,87,-0.11705417329215538,too_many_steps
5,89,-0.008280175340259856,too_many_steps
2,90,-0.36234216945926245,collision
1,87,-0.06998683076017025,too_many_steps
10,88,-0.29399267641996524,too_many_steps
8,88,-0.05330917925976815,too_many_steps
7,90,-0.03903678213454567,too_many_steps
0,88,-0.07014995821469308,too_many_steps
9,87,-0.08400224773887952,too_many_steps
11,90,-0.05435829288351522,too_many_steps
4,87,-0.05042403583524446,too_many_steps
4,88,0.0047444054543568735,perfect
3,89,-0.0642902519891847,too_many_steps
6,88,-0.13492556761278304,too_many_steps
5,90,-0.14123594178195858,too_many_steps
2,91,-0.07340389637855407,too_many_steps
1,88,-0.053344359002031744,too_many_steps
10,89,-0.043067273624236985,too_many_steps
8,89,-0.30281849694776203,collision
7,91,-0.1254538454500849,too_many_steps
0,89,-0.016185785881723803,too_many_steps
1,89,0.0031391792577114275,perfect
9,88,-0.05373545815562478,too_many_steps
11,91,-0.08824896460550687,too_many_steps
4,89,-0.11252938303801391,too_many_steps
3,90,-0.33547674547993456,collision
6,89,-0.07907540137774623,too_many_steps
5,91,-0.014267106355005481,too_many_steps
2,92,-0.035318586446605224,too_many_steps
10,90,-0.0864368607133535,too_many_steps
8,90,-0.11107611363813995,too_many_steps
7,92,-0.17200773449540874,too_many_steps
0,90,-0.0077278016251738635,too_many_steps
1,90,-0.10711021517959925,too_many_steps
9,89,-0.13237477571554868,too_many_steps
11,92,-0.03956055797656763,too_many_steps
6,90,0.0010864007600658518,perfect
4,90,-0.11639081696141289,too_many_steps
3,91,-0.11717844597521047,too_many_steps
5,92,-0.10983379853156457,too_many_steps
2,93,-0.10311420430073448,too_many_steps
10,91,-0.009112518096158984,too_many_steps
8,91,-0.08339866425789515,too_many_steps
7,93,-0.1002733234629637,too_many_steps
0,91,-0.16456103420749302,too_many_steps
1,91,-0.07009700385648743,too_many_steps
9,90,-0.01141964585071947,too_many_steps
11,93,-0.12560534871932386,too_many_steps
6,91,-0.09395711807454231,too_many_steps
4,91,-0.10138607700222212,too_many_steps
3,92,-0.10276756995913343,too_many_steps
5,93,-0.03795109190080451,too_many_steps
2,94,-0.13964160318830193,too_many_steps
10,92,-0.11801414294761244,too_many_steps
8,92,-0.17078225324352755,too_many_steps
7,94,-0.04454215636809905,too_many_steps
0,92,-0.01381480588891558,too_many_steps
1,92,-0.11154597144195268,too_many_steps
9,91,-0.08972831994767477,too_many_steps
11,94,-0.02303996892929774,too_many_steps
6,92,-0.0865497329612089,too_many_steps
4,92,-0.08167472121535145,too_many_steps
3,93,-0.01117232855212573,too_many_steps
5,94,-0.10106267778048621,too_many_steps
2,95,-0.028545399922441025,too_many_steps
10,93,-0.0012443172029213065,too_many_steps
8,93,-0.06731562616743465,too_many_steps
7,95,-0.053721990961790894,too_many_steps
0,93,-0.07329781174260805,too_many_steps
1,93,-0.2553658378962376,too_many_steps
9,92,-0.035367257090956436,too_many_steps
11,95,-0.08096777242328976,too_many_steps
6,93,-0.0889084665856887,too_many_steps
4,93,-0.1080453363801593,too_many_steps
3,94,-0.11610187946688068,too_many_steps
5,95,-0.01791256868850569,too_many_steps
2,96,-0.2936606896749791,too_many_steps
10,94,-0.18492138426105365,too_many_steps
8,94,-0.06763633437610356,too_many_steps
7,96,-0.046124708717032226,too_many_steps
0,94,-0.22835841976818105,too_many_steps
1,94,-0.2185730444196043,too_many_steps
9,93,-0.02252812219537866,too_many_steps
11,96,-0.09800742540606712,too_many_steps
6,94,-0.09919494481134589,too_many_steps
4,94,-0.20318613301885746,too_many_steps
3,95,-0.13298294392778576,too_many_steps
5,96,-0.06683796932641729,too_many_steps
2,97,-0.09334411561789675,too_many_steps
5,97,0.0023492873465133235,perfect
10,95,-0.08891729552670265,too_many_steps
8,95,-0.2795137669535672,too_many_steps
7,97,-0.1696962104712838,too_many_steps
0,95,-0.07043683157723786,too_many_steps
1,95,-0.10465976855101602,too_many_steps
9,94,-0.011888971402357899,too_many_steps
11,97,-0.14596796449929866,too_many_steps
6,95,-0.3006564226014808,collision
4,95,-0.011325979783202985,too_many_steps
3,96,-0.034849963829554284,too_many_steps
2,98,-0.10868256528430713,too_many_steps
5,98,-0.019994954442449798,too_many_steps
10,96,-0.11164990245123928,too_many_steps
8,96,-0.02346313373851581,too_many_steps
7,98,-0.0724600444949135,too_many_steps
0,96,-0.01220128114103657,too_many_steps
1,96,-0.25573024446756554,too_many_steps
9,95,-0.09958273270424539,too_many_steps
11,98,-0.2747264890517106,too_many_steps
6,96,-0.02531495279533391,too_many_steps
4,96,-0.050268422151725486,too_many_steps
3,97,-0.1722394427100457,too_many_steps
2,99,-0.08518343785293467,too_many_steps
5,99,-0.15680288297872444,too_many_steps
10,97,-0.0467726958301406,too_many_steps
8,97,-0.12650909224594734,too_many_steps
7,99,-0.06513659529480177,too_many_steps
0,97,-0.06037879117151407,too_many_steps
1,97,-0.15239357000087278,too_many_steps
9,96,-0.1027178908101326,too_many_steps
11,99,-0.11392820028276006,too_many_steps
6,97,-0.207915329606096,too_many_steps
4,97,-0.13848036171891773,too_many_steps
3,98,-0.42831545309785396,collision
2,100,-0.14000438893539022,too_many_steps
5,100,-0.052466452064600766,too_many_steps
10,98,-0.02199101481597086,too_many_steps
8,98,-0.04432803249635381,too_many_steps
7,100,-0.012618336796854559,too_many_steps
0,98,-0.2761626832342523,too_many_steps
1,98,-0.021397298749616517,too_many_steps
9,97,-0.029607697550661404,too_many_steps
11,100,-0.003520536875476224,too_many_steps
11,101,0.0010826186373460757,perfect
6,98,-0.0683218027262247,too_many_steps
4,98,-0.02986568168592198,too_many_steps
3,99,-0.064113845272483,too_many_steps
2,101,-0.13082669500967653,too_many_steps
5,101,-0.11438322743652753,too_many_steps
10,99,-0.4306639420499083,collision
8,99,-0.16627290996651412,too_many_steps
7,101,-0.3965004832480383,collision
0,99,-0.0772049845455302,too_many_steps
1,99,-0.0829078731163217,too_many_steps
9,98,-0.06923413157908154,too_many_steps
11,102,-0.029148574040490368,too_many_steps
6,99,-0.12944781601711886,too_many_steps
4,99,-0.2584428526942592,too_many_steps
3,100,-0.05525928749796116,too_many_steps
2,102,-0.11112448280663205,too_many_steps
6,100,0.00034900077138866684,perfect
5,102,-0.42098090008157923,collision
10,100,-0.07251604916574282,too_many_steps
8,100,-0.15292284945602788,too_many_steps
7,102,-0.1351280034270685,too_many_steps
0,100,-0.07522430126285963,too_many_steps
10,101,0.0006399061559587485,perfect
1,100,-0.0824916304350743,too_many_steps
9,99,-0.3493310669512701,collision
11,103,-0.3085397977801705,collision
4,100,-0.15099360216273372,too_many_steps
3,101,-0.09307016721530657,too_many_steps
2,103,-0.26126070862757317,too_many_steps
6,101,-0.009634340415434754,too_many_steps
5,103,-0.04290109997717122,too_many_steps
8,101,-0.13576165566227574,too_many_steps
7,103,-0.12698601346547406,too_many_steps
0,101,-0.0045006294381456265,too_many_steps
10,102,-0.04995965851913731,too_many_steps
1,101,-0.0719478050887305,too_many_steps
9,100,-0.08148439134103369,too_many_steps
11,104,-0.06834637210949103,too_many_steps
4,101,-0.018985458063196282,too_many_steps
3,102,-0.27452332434247173,too_many_steps
2,104,-0.08746864350858141,too_many_steps
6,102,-0.013212301580267028,too_many_steps
5,104,-0.11201257384941747,too_many_steps
8,102,-0.03616371317874889,too_many_steps
7,104,-0.08338730611989709,too_many_steps
0,102,-0.07623109449941032,too_many_steps
10,103,-0.0352732812611964,too_many_steps
1,102,-0.027096405102484098,too_many_steps
9,101,-0.020299328518907072,too_many_steps
11,105,-0.07055434245552747,too_many_steps
4,102,-0.08734853842299269,too_many_steps
3,103,-0.0938708073963749,too_many_steps
2,105,-0.17048096399847668,too_many_steps
6,103,-0.031249997829966996,too_many_steps
5,105,-0.3564907708223178,collision
8,103,-0.014881656993864737,too_many_steps
7,105,-0.14183465645715557,too_many_steps
0,103,-0.10625564067147715,too_many_steps
10,104,-0.035229236149108875,too_many_steps
1,103,-0.12851938672625413,too_many_steps
9,102,-0.07342571461633161,too_many_steps
11,106,-0.016788825583556,too_many_steps
4,103,-0.09050076637046436,too_many_steps
3,104,-0.04981222180995093,too_many_steps
2,106,-0.11216443186273616,too_many_steps
6,104,-0.08115885918845535,too_many_steps
5,106,-0.08763386094123124,too_many_steps
8,104,-0.09804951642369902,too_many_steps
7,106,-0.07466762556836694,too_many_steps
0,104,-0.007438158766902219,too_many_steps
10,105,-0.06595929604768692,too_many_steps
1,104,-0.2599000080055809,too_many_steps
9,103,-0.12055366107301675,too_many_steps
11,107,-0.07967434193277928,too_many_steps
4,104,-0.10590286321503732,too_many_steps
3,105,-0.09378867833032331,too_many_steps
2,107,-0.13413657725674882,too_many_steps
6,105,-0.014141418583616238,too_many_steps
11,108,0.0012859062618062536,perfect
5,107,-0.3626772327686257,collision
8,105,-0.09898976744583943,too_many_steps
7,107,-0.023274184214879274,too_many_steps
0,105,-0.013384826296056872,too_many_steps
10,106,-0.01154200440944821,too_many_steps
1,105,-0.18432004656554152,too_many_steps
9,104,-0.01403565669554806,too_many_steps
4,105,-0.057496926289225064,too_many_steps
3,106,-0.07395407400302642,too_many_steps
11,109,0.0035532013868621384,perfect
2,108,-0.01347590690644156,too_many_steps
6,106,-0.1064620380558494,too_many_steps
5,108,-0.03870063547298866,too_many_steps
8,106,-0.11902106252406493,too_many_steps
7,108,-0.021485255689434105,too_many_steps
0,106,-0.005541939712888636,too_many_steps
10,107,-0.23554904041189517,too_many_steps
1,106,-0.02381386441218607,too_many_steps
9,105,-0.05153700748486721,too_many_steps
4,106,-0.08021228714147163,too_many_steps
3,107,-0.037464509623993905,too_many_steps
11,110,-0.03660750446179824,too_many_steps
2,109,-0.02076243488810989,too_many_steps
6,107,-0.017609903110423635,too_many_steps
5,109,-0.054812699190994935,too_many_steps
8,107,-0.16111203708550012,too_many_steps
7,109,-0.003963897542246745,too_many_steps
0,107,-0.011121717673372295,too_many_steps
10,108,-0.07462541274450778,too_many_steps
1,107,-0.06113825634787537,too_many_steps
9,106,-0.07331437531338308,too_many_steps
4,107,-0.07132232704389833,too_many_steps
3,108,-0.12746755403659288,too_many_steps
11,111,-0.04188443219551534,too_many_steps
2,110,-0.06741232868380942,too_many_steps
6,108,-0.23749729918366608,too_many_steps
5,110,-0.06276093402500203,too_many_steps
8,108,-0.1565653493298092,too_many_steps
4,108,0.0035331801276045904,perfect
7,110,-0.12120461230845823,too_many_steps
0,108,-0.10017347129448448,too_many_steps
10,109,-0.07044539954459098,too_many_steps
1,108,-0.0903057451437881,too_many_steps
9,107,-0.027961380315060163,too_many_steps
3,109,-0.08580016485320893,too_many_steps
11,112,-0.0077992792748338355,too_many_steps
2,111,-0.2838895318835387,too_many_steps
6,109,-0.07001012408786521,too_many_steps
5,111,-0.0437997005630192,too_many_steps
8,109,-0.06553775490055648,too_many_steps
4,109,-0.04859100181337668,too_many_steps
5,112,2.342505740969905e-05,perfect
4,110,0.010242078229618494,perfect
7,111,-0.07382753980680123,too_many_steps
0,109,-0.22440239885260987,too_many_steps
10,110,-0.03064469298677203,too_many_steps
1,109,-0.04718398309828141,too_many_steps
9,108,-0.08386869809752548,too_many_steps
3,110,-0.14076988085151465,too_many_steps
11,113,-0.031513995073619405,too_many_steps
2,112,-0.05769295994202056,too_many_steps
6,110,-0.017026826126583416,too_many_steps
11,114,0.000565347617802376,perfect
8,110,-0.3096039421926172,collision
5,113,-0.13997806665650903,too_many_steps
4,111,-0.11238957337012893,too_many_steps
7,112,-0.002623729301476429,too_many_steps
0,110,-0.04173136349611903,too_many_steps
10,111,-0.07558074750237383,too_many_steps
1,110,-0.06177616728159448,too_many_steps
9,109,-0.11414066747789577,too_many_steps
3,111,-0.06002647184647378,too_many_steps
2,113,-0.09353234984342762,too_many_steps
6,111,-0.36428241828642544,collision
11,115,-0.07983159958447404,too_many_steps
8,111,-0.06678937118216649,too_many_steps
5,114,-0.05852331084244282,too_many_steps
4,112,-0.14430600705044977,too_many_steps
7,113,-0.09561485573403332,too_many_steps
0,111,-0.03779986373992805,too_many_steps
10,112,-0.2050104696403906,too_many_steps
1,111,-0.17840571258019777,too_many_steps
9,110,-0.048621286764868446,too_many_steps
3,112,-0.05588245676426595,too_many_steps
2,114,-0.08325916373028124,too_many_steps
6,112,-0.13426398293231992,too_many_steps
11,116,-0.22261129583161127,too_many_steps
8,112,-0.09557271249644501,too_many_steps
5,115,-0.08156963855589656,too_many_steps
4,113,-0.1295509674335974,too_many_steps
7,114,-0.042218148473390296,too_many_steps
0,112,-0.22490792761153774,too_many_steps
10,113,-0.26834316666174957,too_many_steps
1,112,-0.027334820648237806,too_many_steps
9,111,-0.03590979395918813,too_many_steps
3,113,-0.053067989826875286,too_many_steps
2,115,-0.06132497157823852,too_many_steps
6,113,-0.005837164872454451,too_many_steps
11,117,-0.06407170064827374,too_many_steps
8,113,-0.3931624414308047,collision
5,116,-0.15162330278141656,too_many_steps
4,114,-0.03987872946014545,too_many_steps
7,115,-0.030979295886829013,too_many_steps
0,113,-0.04434009912834565,too_many_steps
10,114,-0.14718755872463513,too_many_steps
1,113,-0.01968873213601768,too_many_steps
9,112,-0.08069359658968307,too_many_steps
8,114,0.003636841161662706,perfect
3,114,-0.042740023466557864,too_many_steps
2,116,-0.05002883544397124,too_many_steps
6,114,-0.16108025044929136,too_many_steps
11,118,-0.07756327109047619,too_many_steps
11,119,0.00031801921920952825,perfect
5,117,-0.27606804314240324,too_many_steps
4,115,-0.036124743337711915,too_many_steps
7,116,-0.057350568007128844,too_many_steps
0,114,-0.06628524095089885,too_many_steps
10,115,-0.027935549434279505,too_many_steps
1,114,-0.035089976671244555,too_many_steps
9,113,-0.03684615928838279,too_many_steps
8,115,-0.0830066045604292,too_many_steps
3,115,-0.08602924656022251,too_many_steps
2,117,-0.006293867472828285,too_many_steps
6,115,-0.08277996077801413,too_many_steps
11,120,-0.07218330980681158,too_many_steps
5,118,-0.012758377720422601,too_many_steps
4,116,-0.002228861452652813,too_many_steps
7,117,-0.030114659488467945,too_many_steps
0,115,-0.047089719968204866,too_many_steps
10,116,-0.2704591881565526,too_many_steps
1,115,-0.042332185301599254,too_many_steps
9,114,-0.08007060060312378,too_many_steps
8,116,-0.21769706264421693,too_many_steps
3,116,-0.014689160778100018,too_many_steps
2,118,-0.0750390889193063,too_many_steps
6,116,-0.0876783536435806,too_many_steps
11,121,-0.09095857244290953,too_many_steps
5,119,-0.10913308060664305,too_many_steps
4,117,-0.07506792343713659,too_many_steps
7,118,-0.12916461241985497,too_many_steps
0,116,-0.04594644756507375,too_many_steps
10,117,-0.06551162325432315,too_many_steps
1,116,-0.06676682822368361,too_many_steps
9,115,-0.011316537316041878,too_many_steps
1,117,0.0025419381801894333,perfect
8,117,-0.06878252720996858,too_many_steps
3,117,-0.08822504455417904,too_many_steps
2,119,-0.445101946604597,collision
6,117,-0.06238158493772564,too_many_steps
11,122,-0.09415407538837683,too_many_steps
5,120,-0.06406902379600697,too_many_steps
4,118,-0.11131147012293664,too_many_steps
7,119,-0.2040959284432295,too_many_steps
0,117,-0.0659307932032719,too_many_steps
10,118,-0.09536561325293645,too_many_steps
9,116,-0.011530061641517476,too_many_steps
1,118,-0.1640636182688515,too_many_steps
10,119,0.0006116642272642019,perfect
8,118,-0.0450190938657047,too_many_steps
3,118,-0.10963958965962882,too_many_steps
2,120,-0.08860634131510839,too_many_steps
6,118,-0.042815644997247715,too_many_steps
11,123,-0.13095466021477428,too_many_steps
5,121,-0.13242540728300947,too_many_steps
4,119,-0.10670946754774914,too_many_steps
7,120,-0.2798197916853267,too_many_steps
0,118,-0.09933885370614791,too_many_steps
9,117,-0.05067974353947055,too_many_steps
1,119,-0.14527102168579498,too_many_steps
7,121,0.0017066900445528443,perfect
10,120,-0.08159239664175054,too_many_steps
8,119,-0.12931489606314808,too_many_steps
3,119,-0.00665584212916805,too_many_steps
2,121,-0.09659789701586166,too_many_steps
6,119,-0.0743560879207805,too_many_steps
11,124,-0.06367667919770385,too_many_steps
5,122,-0.22314719767672875,too_many_steps
4,120,-0.0928337639375576,too_many_steps
0,119,-0.10753769402994072,too_many_steps
9,118,-0.08336951133486956,too_many_steps
1,120,-0.011605560227304638,too_many_steps
7,122,-0.0551008108575312,too_many_steps
10,121,-0.06537586220045813,too_many_steps
8,120,-0.09011632079537923,too_many_steps
3,120,-0.10728828307415757,too_many_steps
2,122,-0.01344626444764577,too_many_steps
6,120,-0.08762601837211885,too_many_steps
11,125,-0.0014535918946626258,too_many_steps
5,123,-0.23858763766908886,too_many_steps
4,121,-0.051633863917854725,too_many_steps
0,120,-0.05417930669416263,too_many_steps
9,119,-0.120369759019823,too_many_steps
1,121,-0.07797248121083945,too_many_steps
7,123,-0.23316956924360172,too_many_steps
10,122,-0.06591914114977136,too_many_steps
8,121,-0.13267829029595024,too_many_steps
3,121,-0.10999553147724948,too_many_steps
2,123,-0.12800362607676963,too_many_steps
6,121,-0.07141617923348156,too_many_steps
11,126,-0.051540025503049466,too_many_steps
5,124,-0.07094660852838341,too_many_steps
4,122,-0.35126963658020716,collision
0,121,-0.38052904800147996,collision
9,120,-0.09073550784375203,too_many_steps
1,122,-0.12002080058350838,too_many_steps
7,124,-0.11374521960635657,too_many_steps
10,123,-0.06028664694151234,too_many_steps
8,122,-0.2936007660645968,too_many_steps
3,122,-0.20958264072446106,too_many_steps
2,124,-0.13647141264078477,too_many_steps
6,122,-0.032236387388927146,too_many_steps
11,127,-0.07762272253870231,too_many_steps
5,125,-0.09631197635581897,too_many_steps
4,123,-0.08292317995979093,too_many_steps
0,122,-0.05496592480872356,too_many_steps
9,121,-0.1406260461897585,too_many_steps
1,123,-0.08459384711237065,too_many_steps
7,125,-0.030898696039606797,too_many_steps
10,124,-0.05723203924299816,too_many_steps
8,123,-0.01727774810982607,too_many_steps
3,123,-0.09386865500864733,too_many_steps
2,125,-0.006821435428245141,too_many_steps
6,123,-0.0828787623954743,too_many_steps
11,128,-0.15429946665897554,too_many_steps
5,126,-0.10146490184920416,too_many_steps
4,124,-0.10388532945216442,too_many_steps
0,123,-0.08265967801636466,too_many_steps
9,122,-0.07748841189451305,too_many_steps
1,124,-0.06192488900632194,too_many_steps
7,126,-0.05731705931247673,too_many_steps
10,125,-0.08973485334307311,too_many_steps
8,124,-0.03135683110424288,too_many_steps
3,124,-0.21655441680850332,too_many_steps
2,126,-0.08656464629181838,too_many_steps
6,124,-0.06088398498100944,too_many_steps
11,129,-0.12703367653430575,too_many_steps
5,127,-0.06835445330879503,too_many_steps
4,125,-0.034601238134772325,too_many_steps
0,124,-0.0873923104035877,too_many_steps
9,123,-0.23327052534782566,too_many_steps
1,125,-0.002078930467789109,too_many_steps
7,127,-0.13314209559417284,too_many_steps
10,126,-0.08466333229045879,too_many_steps
8,125,-0.3994419099227528,collision
3,125,-0.05241985946056123,too_many_steps
2,127,-0.017781057761139477,too_many_steps
6,125,-0.11141143149910578,too_many_steps
11,130,-0.03307156929736123,too_many_steps
5,128,-0.34754911930289123,collision
4,126,-0.10020777832010447,too_many_steps
0,125,-0.08412128301698418,too_many_steps
2,128,0.0002700727094440067,perfect
9,124,-0.030471423828662043,too_many_steps
1,126,-0.04771106560808824,too_many_steps
7,128,-0.057051730829476774,too_many_steps
10,127,-0.08244486223773902,too_many_steps
8,126,-0.07821938108551245,too_many_steps
3,126,-0.07130465599726798,too_many_steps
11,131,0.008560007546312027,perfect
6,126,-0.006707148066811497,too_many_steps
5,129,-0.19844019173283936,too_many_steps
4,127,-0.0802518708175175,too_many_steps
0,126,-0.024780697584798384,too_many_steps
2,129,-0.3262964033841414,collision
9,125,-0.31781262824526646,collision
1,127,-0.12221949667545334,too_many_steps
7,129,-0.032327686637703454,too_many_steps
10,128,-0.048170429236860185,too_many_steps
8,127,-0.13291029518743247,too_many_steps
3,127,-0.10036517086701305,too_many_steps
11,132,-0.09950862472956047,too_many_steps
6,127,-0.13654882079660363,too_many_steps
5,130,-0.09441118562137774,too_many_steps
4,128,-0.05606755071473296,too_many_steps
0,127,-0.06414609624134851,too_many_steps
2,130,-0.055456351277786295,too_many_steps
9,126,-0.010025933450515601,too_many_steps
1,128,-0.02938045731775231,too_many_steps
7,130,-0.2614358351474319,too_many_steps
10,129,-0.050967332240403215,too_many_steps
8,128,-0.31683123684522574,collision
3,128,-0.0462609063074146,too_many_steps
11,133,-0.10714682625992737,too_many_steps
6,128,-0.05249175877482233,too_many_steps
5,131,-0.06880758411858508,too_many_steps
4,129,-0.05873677887350463,too_many_steps
0,128,-0.02402074526613759,too_many_steps
2,131,-0.39591826791149665,collision
9,127,-0.04424859518040582,too_many_steps
1,129,-0.11915521805216099,too_many_steps
7,131,-0.14096906070288046,too_many_steps
10,130,-0.04213726714197159,too_many_steps
8,129,-0.18566243872811977,too_many_steps
3,129,-0.025846936450501668,too_many_steps
11,134,-0.09873972436707344,too_many_steps
6,129,-0.03609283690815812,too_many_steps
5,132,-0.3661825237294648,collision
4,130,-0.2744685534932416,too_many_steps
0,129,-0.050264910640071006,too_many_steps
2,132,-0.3170737030984724,collision
