Environment,Episode,Robustness,Reward,End_Condition
0,0,-0.04790638089791918,-0.04790638089791918,no_reach_no_collision
0,1,-0.08790899449795499,-0.08790899449795499,no_reach_no_collision
0,2,-0.10318587286987929,-0.10318587286987929,no_reach_no_collision
0,3,-0.018175704649076616,-0.018175704649076616,no_reach_no_collision
0,4,-0.15901126240001018,-0.15901126240001018,reach_no_stay_no_collision
0,5,-0.06292633444281659,-0.06292633444281659,no_reach_no_collision
0,6,-0.0472480834036509,-0.0472480834036509,no_reach_no_collision
0,7,-0.03718816791585264,-0.03718816791585264,no_reach_no_collision
0,8,-0.07957344226376414,-0.07957344226376414,reach_no_stay_no_collision
0,9,-0.031797122290049676,-0.031797122290049676,reach_no_stay_no_collision
0,10,-0.026036056306424773,-0.026036056306424773,reach_no_stay_no_collision
0,11,-0.007864223232957608,-0.007864223232957608,reach_no_stay_no_collision
0,12,-0.04085452096308265,-0.04085452096308265,reach_no_stay_no_collision
0,13,-0.01347268113392298,-0.01347268113392298,reach_no_stay_no_collision
0,14,-0.017522198788741724,-0.017522198788741724,reach_no_stay_no_collision
0,15,-0.018720280556306684,-0.018720280556306684,reach_no_stay_no_collision
0,16,-0.0426420659040532,-0.0426420659040532,reach_no_stay_no_collision
0,17,-0.02651017651324525,-0.02651017651324525,reach_no_stay_no_collision
0,18,-0.019003741014346546,-0.019003741014346546,reach_no_stay_no_collision
0,19,-0.004259033953738677,-0.004259033953738677,reach_no_stay_no_collision
0,20,-0.0255806197582967,-0.0255806197582967,reach_no_stay_no_collision
0,21,-0.016393117274198375,-0.016393117274198375,reach_no_stay_no_collision
0,22,-0.019282782841207515,-0.019282782841207515,reach_no_stay_no_collision
0,23,-0.01901077664973001,-0.01901077664973001,reach_no_stay_no_collision
0,24,-0.019932485109092627,-0.019932485109092627,reach_no_stay_no_collision
0,25,-0.020618332458829398,-0.020618332458829398,reach_no_stay_no_collision
0,26,-0.014811124373200282,-0.014811124373200282,reach_no_stay_no_collision
0,27,-0.009479508684440387,-0.009479508684440387,reach_no_stay_no_collision
0,28,-0.0189883716483665,-0.0189883716483665,reach_no_stay_no_collision
0,29,-0.03804125043685819,-0.03804125043685819,reach_no_stay_no_collision
0,30,-0.032689947356870155,-0.032689947356870155,reach_no_stay_no_collision
0,31,-0.019333417097244465,-0.019333417097244465,reach_no_stay_no_collision
0,32,-0.0035797670481280373,-0.0035797670481280373,reach_no_stay_no_collision
0,33,-0.02234136406885665,-0.02234136406885665,reach_no_stay_no_collision
0,34,-0.0023533693139281935,-0.0023533693139281935,reach_no_stay_no_collision
0,35,-0.023002506420586388,-0.023002506420586388,reach_no_stay_no_collision
0,36,-0.016347308232155838,-0.016347308232155838,reach_no_stay_no_collision
0,37,0.0011824031454039374,0.0011824031454039374,reach_stay_no_collision
0,38,-0.025091003176122752,-0.025091003176122752,reach_no_stay_no_collision
0,39,-0.009870221063525066,-0.009870221063525066,reach_no_stay_no_collision
0,40,-0.001759409241524363,-0.001759409241524363,reach_no_stay_no_collision
0,41,-0.008193378226117431,-0.008193378226117431,reach_no_stay_no_collision
0,42,0.009351357004678255,0.009351357004678255,reach_stay_no_collision
0,43,-0.02519025375714253,-0.02519025375714253,reach_no_stay_no_collision
0,44,-0.004802372321775966,-0.004802372321775966,reach_no_stay_no_collision
0,45,-0.005652181795643928,-0.005652181795643928,reach_no_stay_no_collision
0,46,0.01781590716341182,0.01781590716341182,reach_stay_no_collision
0,47,-0.021548490182675347,-0.021548490182675347,reach_no_stay_no_collision
0,48,-0.004571801510712872,-0.004571801510712872,reach_no_stay_no_collision
0,49,-0.000899784844482162,-0.000899784844482162,reach_no_stay_no_collision
0,50,-0.0010518903537750264,-0.0010518903537750264,reach_no_stay_no_collision
0,51,-0.01436946153804657,-0.01436946153804657,reach_no_stay_no_collision
0,52,-0.016843274029137555,-0.016843274029137555,reach_no_stay_no_collision
0,53,-0.008319511900264101,-0.008319511900264101,reach_no_stay_no_collision
0,54,0.008289749501560499,0.008289749501560499,reach_stay_no_collision
0,55,0.018977559568823705,0.018977559568823705,reach_stay_no_collision
0,56,-0.01827309766093228,-0.01827309766093228,reach_no_stay_no_collision
0,57,0.0016678292731033308,0.0016678292731033308,reach_stay_no_collision
0,58,0.016901474813224484,0.016901474813224484,reach_stay_no_collision
0,59,0.0006275559778383399,0.0006275559778383399,reach_stay_no_collision
0,60,0.007966500274005807,0.007966500274005807,reach_stay_no_collision
0,61,0.008507196759367343,0.008507196759367343,reach_stay_no_collision
0,62,0.006454789540648575,0.006454789540648575,reach_stay_no_collision
0,63,-0.01622458817576183,-0.01622458817576183,reach_no_stay_no_collision
0,64,0.012286626881828301,0.012286626881828301,reach_stay_no_collision
0,65,0.00036416980986497816,0.00036416980986497816,reach_stay_no_collision
0,66,-0.015420575968262736,-0.015420575968262736,reach_no_stay_no_collision
0,67,0.008490649725317429,0.008490649725317429,reach_stay_no_collision
0,68,-0.0018379432842744528,-0.0018379432842744528,reach_no_stay_no_collision
0,69,0.007470194350945746,0.007470194350945746,reach_stay_no_collision
0,70,0.009735042223184573,0.009735042223184573,reach_stay_no_collision
0,71,0.015855839483709333,0.015855839483709333,reach_stay_no_collision
0,72,0.003775590137810373,0.003775590137810373,reach_stay_no_collision
0,73,-0.0008354775365066319,-0.0008354775365066319,reach_no_stay_no_collision
0,74,0.00045970193976476587,0.00045970193976476587,reach_stay_no_collision
0,75,0.007523216690802493,0.007523216690802493,reach_stay_no_collision
0,76,-0.0005562577093395846,-0.0005562577093395846,reach_no_stay_no_collision
0,77,0.017105639763801514,0.017105639763801514,reach_stay_no_collision
0,78,0.015156126390923477,0.015156126390923477,reach_stay_no_collision
0,79,0.011634642308246752,0.011634642308246752,reach_stay_no_collision
0,80,0.0026020686762725648,0.0026020686762725648,reach_stay_no_collision
0,81,-0.00431976198169455,-0.00431976198169455,reach_no_stay_no_collision
0,82,-0.009370411492809021,-0.009370411492809021,reach_no_stay_no_collision
0,83,0.005177324179878522,0.005177324179878522,reach_stay_no_collision
0,84,0.0020259862925411515,0.0020259862925411515,reach_stay_no_collision
0,85,0.0064922419029171015,0.0064922419029171015,reach_stay_no_collision
0,86,0.009961426319224831,0.009961426319224831,reach_stay_no_collision
0,87,0.011620447860210896,0.011620447860210896,reach_stay_no_collision
0,88,0.0122720200515949,0.0122720200515949,reach_stay_no_collision
0,89,0.011353492422960385,0.011353492422960385,reach_stay_no_collision
0,90,0.010755600770274933,0.010755600770274933,reach_stay_no_collision
0,91,0.003429581746261085,0.003429581746261085,reach_stay_no_collision
0,92,-0.007362615294480911,-0.007362615294480911,reach_no_stay_no_collision
0,93,0.013890786712924319,0.013890786712924319,reach_stay_no_collision
0,94,0.00806804221379164,0.00806804221379164,reach_stay_no_collision
0,95,0.011193197923592057,0.011193197923592057,reach_stay_no_collision
0,96,0.004748594616628861,0.004748594616628861,reach_stay_no_collision
0,97,0.009330296162089916,0.009330296162089916,reach_stay_no_collision
0,98,0.015238910626717339,0.015238910626717339,reach_stay_no_collision
0,99,0.014994958817631753,0.014994958817631753,reach_stay_no_collision
0,100,0.014052171662427013,0.014052171662427013,reach_stay_no_collision
0,101,0.004103183132114659,0.004103183132114659,reach_stay_no_collision
0,102,0.010950337089942362,0.010950337089942362,reach_stay_no_collision
0,103,-0.0006943284324351096,-0.0006943284324351096,reach_no_stay_no_collision
0,104,0.0011575686529892125,0.0011575686529892125,reach_stay_no_collision
0,105,0.018312169444541275,0.018312169444541275,reach_stay_no_collision
0,106,0.00953255750613164,0.00953255750613164,reach_stay_no_collision
0,107,0.011313552287872041,0.011313552287872041,reach_stay_no_collision
0,108,0.010564288661377997,0.010564288661377997,reach_stay_no_collision
0,109,0.011710655722805724,0.011710655722805724,reach_stay_no_collision
0,110,0.00874040841087866,0.00874040841087866,reach_stay_no_collision
0,111,0.006711270833660974,0.006711270833660974,reach_stay_no_collision
0,112,0.013784586938005553,0.013784586938005553,reach_stay_no_collision
0,113,0.013767165734308973,0.013767165734308973,reach_stay_no_collision
0,114,0.006718387861920838,0.006718387861920838,reach_stay_no_collision
0,115,0.013759946077979437,0.013759946077979437,reach_stay_no_collision
0,116,0.017205175574150324,0.017205175574150324,reach_stay_no_collision
0,117,0.014382281498089752,0.014382281498089752,reach_stay_no_collision
0,118,0.010904082293376048,0.010904082293376048,reach_stay_no_collision
0,119,0.014752061012666516,0.014752061012666516,reach_stay_no_collision
0,120,0.005244026136254224,0.005244026136254224,reach_stay_no_collision
0,121,0.010059895863017643,0.010059895863017643,reach_stay_no_collision
0,122,0.011981561224935116,0.011981561224935116,reach_stay_no_collision
0,123,0.006596583107063412,0.006596583107063412,reach_stay_no_collision
0,124,0.0147076014619335,0.0147076014619335,reach_stay_no_collision
0,125,0.015335043760910657,0.015335043760910657,reach_stay_no_collision
0,126,0.013190236723144438,0.013190236723144438,reach_stay_no_collision
0,127,0.01505761238887865,0.01505761238887865,reach_stay_no_collision
0,128,0.007527061284106764,0.007527061284106764,reach_stay_no_collision
0,129,0.008941321560717464,0.008941321560717464,reach_stay_no_collision
0,130,0.013190231888599632,0.013190231888599632,reach_stay_no_collision
0,131,-0.0021894445886907303,-0.0021894445886907303,reach_no_stay_no_collision
0,132,0.011132942317644506,0.011132942317644506,reach_stay_no_collision
0,133,0.007673007692337655,0.007673007692337655,reach_stay_no_collision
0,134,0.012605108142373329,0.012605108142373329,reach_stay_no_collision
0,135,0.008704098008414811,0.008704098008414811,reach_stay_no_collision
0,136,0.013810574513439006,0.013810574513439006,reach_stay_no_collision
0,137,0.013103221029342365,0.013103221029342365,reach_stay_no_collision
0,138,0.01140198929017195,0.01140198929017195,reach_stay_no_collision
0,139,0.00863506159021096,0.00863506159021096,reach_stay_no_collision
0,140,0.010014393344649247,0.010014393344649247,reach_stay_no_collision
0,141,0.017215970040443014,0.017215970040443014,reach_stay_no_collision
0,142,0.012992571367547598,0.012992571367547598,reach_stay_no_collision
0,143,0.012319755109789622,0.012319755109789622,reach_stay_no_collision
0,144,0.015054638152974406,0.015054638152974406,reach_stay_no_collision
0,145,0.011724326072895953,0.011724326072895953,reach_stay_no_collision
0,146,0.006040036725910589,0.006040036725910589,reach_stay_no_collision
0,147,0.017417950043110406,0.017417950043110406,reach_stay_no_collision
0,148,0.016428180852487255,0.016428180852487255,reach_stay_no_collision
0,149,0.0038409125171822017,0.0038409125171822017,reach_stay_no_collision
0,150,0.010683901418909063,0.010683901418909063,reach_stay_no_collision
0,151,0.016744805502304443,0.016744805502304443,reach_stay_no_collision
0,152,0.015530262497604043,0.015530262497604043,reach_stay_no_collision
0,153,0.016216068037921274,0.016216068037921274,reach_stay_no_collision
0,154,0.011342646298694026,0.011342646298694026,reach_stay_no_collision
0,155,0.008338759593615512,0.008338759593615512,reach_stay_no_collision
0,156,0.0037556489574143946,0.0037556489574143946,reach_stay_no_collision
0,157,0.01112105645047408,0.01112105645047408,reach_stay_no_collision
0,158,0.012021691300635127,0.012021691300635127,reach_stay_no_collision
0,159,0.012376371623630932,0.012376371623630932,reach_stay_no_collision
0,160,0.004206183174574975,0.004206183174574975,reach_stay_no_collision
0,161,0.016082608181113286,0.016082608181113286,reach_stay_no_collision
0,162,0.01567291492737312,0.01567291492737312,reach_stay_no_collision
0,163,0.013335561526356966,0.013335561526356966,reach_stay_no_collision
0,164,0.003248031395140634,0.003248031395140634,reach_stay_no_collision
0,165,0.013383872447730842,0.013383872447730842,reach_stay_no_collision
0,166,0.015241100078514962,0.015241100078514962,reach_stay_no_collision
0,167,0.015822936531178073,0.015822936531178073,reach_stay_no_collision
0,168,0.011574912405705282,0.011574912405705282,reach_stay_no_collision
0,169,0.013753030556190728,0.013753030556190728,reach_stay_no_collision
0,170,0.01012047144330202,0.01012047144330202,reach_stay_no_collision
0,171,0.01323065269856907,0.01323065269856907,reach_stay_no_collision
0,172,0.00843438670026294,0.00843438670026294,reach_stay_no_collision
0,173,0.014635309370795139,0.014635309370795139,reach_stay_no_collision
0,174,0.007876504319697693,0.007876504319697693,reach_stay_no_collision
0,175,0.013005273934865,0.013005273934865,reach_stay_no_collision
0,176,0.012256249405962538,0.012256249405962538,reach_stay_no_collision
0,177,0.014187138230739527,0.014187138230739527,reach_stay_no_collision
0,178,0.015847437553949486,0.015847437553949486,reach_stay_no_collision
0,179,0.01314365387959287,0.01314365387959287,reach_stay_no_collision
0,180,0.01153635178718205,0.01153635178718205,reach_stay_no_collision
0,181,0.014073047164599908,0.014073047164599908,reach_stay_no_collision
0,182,0.009811827459598655,0.009811827459598655,reach_stay_no_collision
0,183,0.013892621179603505,0.013892621179603505,reach_stay_no_collision
0,184,0.017141408575837954,0.017141408575837954,reach_stay_no_collision
0,185,0.012574554953541529,0.012574554953541529,reach_stay_no_collision
0,186,0.013329598130380763,0.013329598130380763,reach_stay_no_collision
0,187,0.010595983892823077,0.010595983892823077,reach_stay_no_collision
0,188,0.01569714563179037,0.01569714563179037,reach_stay_no_collision
0,189,0.012458879319689954,0.012458879319689954,reach_stay_no_collision
0,190,0.015742497116782876,0.015742497116782876,reach_stay_no_collision
0,191,0.01393846751924355,0.01393846751924355,reach_stay_no_collision
0,192,0.00883422992105998,0.00883422992105998,reach_stay_no_collision
0,193,0.012562645774504663,0.012562645774504663,reach_stay_no_collision
0,194,0.017698656377023197,0.017698656377023197,reach_stay_no_collision
0,195,0.017507453896034236,0.017507453896034236,reach_stay_no_collision
0,196,0.013943337949749777,0.013943337949749777,reach_stay_no_collision
0,197,0.011036011451607944,0.011036011451607944,reach_stay_no_collision
0,198,0.014526674468470255,0.014526674468470255,reach_stay_no_collision
0,199,0.015103376787822434,0.015103376787822434,reach_stay_no_collision
0,200,0.009089997911695635,0.009089997911695635,reach_stay_no_collision
0,201,0.011369783205909667,0.011369783205909667,reach_stay_no_collision
0,202,0.018181935564295062,0.018181935564295062,reach_stay_no_collision
0,203,0.015766398931840755,0.015766398931840755,reach_stay_no_collision
0,204,0.014857634280830076,0.014857634280830076,reach_stay_no_collision
0,205,0.007889880407409244,0.007889880407409244,reach_stay_no_collision
0,206,0.015481066997459587,0.015481066997459587,reach_stay_no_collision
0,207,0.014142616187675842,0.014142616187675842,reach_stay_no_collision
0,208,0.018213280852812087,0.018213280852812087,reach_stay_no_collision
0,209,0.012259095621547677,0.012259095621547677,reach_stay_no_collision
0,210,0.015427423625829656,0.015427423625829656,reach_stay_no_collision
0,211,0.015795951782271424,0.015795951782271424,reach_stay_no_collision
0,212,0.010959711089498779,0.010959711089498779,reach_stay_no_collision
0,213,0.0166142039557923,0.0166142039557923,reach_stay_no_collision
0,214,0.00853465092199035,0.00853465092199035,reach_stay_no_collision
0,215,0.015824586704587702,0.015824586704587702,reach_stay_no_collision
0,216,0.009189958249287184,0.009189958249287184,reach_stay_no_collision
0,217,0.01651979619393283,0.01651979619393283,reach_stay_no_collision
0,218,0.01198812745753362,0.01198812745753362,reach_stay_no_collision
0,219,0.01880854131684734,0.01880854131684734,reach_stay_no_collision
0,220,0.01167497099934816,0.01167497099934816,reach_stay_no_collision
0,221,0.015860938189117883,0.015860938189117883,reach_stay_no_collision
0,222,0.014372849629403557,0.014372849629403557,reach_stay_no_collision
0,223,0.014468324723262942,0.014468324723262942,reach_stay_no_collision
0,224,0.008597189961770153,0.008597189961770153,reach_stay_no_collision
0,225,0.013626362032337549,0.013626362032337549,reach_stay_no_collision
0,226,0.005981493138106097,0.005981493138106097,reach_stay_no_collision
0,227,0.012937299957754469,0.012937299957754469,reach_stay_no_collision
0,228,0.01568318404311829,0.01568318404311829,reach_stay_no_collision
0,229,0.016005811244254122,0.016005811244254122,reach_stay_no_collision
0,230,0.0052790496044226,0.0052790496044226,reach_stay_no_collision
0,231,0.01720865655313991,0.01720865655313991,reach_stay_no_collision
0,232,0.012818684460736387,0.012818684460736387,reach_stay_no_collision
0,233,0.00684665174565227,0.00684665174565227,reach_stay_no_collision
0,234,0.01244686957943855,0.01244686957943855,reach_stay_no_collision
0,235,0.011097841882101861,0.011097841882101861,reach_stay_no_collision
0,236,0.011919147401022245,0.011919147401022245,reach_stay_no_collision
0,237,0.013022922438751638,0.013022922438751638,reach_stay_no_collision
0,238,0.01423776705404237,0.01423776705404237,reach_stay_no_collision
0,239,0.015262453334956738,0.015262453334956738,reach_stay_no_collision
0,240,0.008546283667879911,0.008546283667879911,reach_stay_no_collision
0,241,0.0102523033606729,0.0102523033606729,reach_stay_no_collision
0,242,0.010988848164732147,0.010988848164732147,reach_stay_no_collision
0,243,0.015099967633839785,0.015099967633839785,reach_stay_no_collision
0,244,0.016411536503364754,0.016411536503364754,reach_stay_no_collision
0,245,0.009695327678910782,0.009695327678910782,reach_stay_no_collision
0,246,0.015945244300977057,0.015945244300977057,reach_stay_no_collision
0,247,0.014071335442730027,0.014071335442730027,reach_stay_no_collision
0,248,0.016503379342036543,0.016503379342036543,reach_stay_no_collision
0,249,0.007585332646745135,0.007585332646745135,reach_stay_no_collision
0,250,0.014146894637661445,0.014146894637661445,reach_stay_no_collision
0,251,0.011762677554304438,0.011762677554304438,reach_stay_no_collision
0,252,0.014653657004541305,0.014653657004541305,reach_stay_no_collision
0,253,0.011591632121489842,0.011591632121489842,reach_stay_no_collision
0,254,0.012212904035999703,0.012212904035999703,reach_stay_no_collision
0,255,0.017526958993081362,0.017526958993081362,reach_stay_no_collision
0,256,0.016110158040721047,0.016110158040721047,reach_stay_no_collision
0,257,0.01585475642557165,0.01585475642557165,reach_stay_no_collision
0,258,0.015883388468571857,0.015883388468571857,reach_stay_no_collision
0,259,0.017173378069321826,0.017173378069321826,reach_stay_no_collision
0,260,0.013710107632042445,0.013710107632042445,reach_stay_no_collision
0,261,0.014014471654768932,0.014014471654768932,reach_stay_no_collision
0,262,0.013573837638526922,0.013573837638526922,reach_stay_no_collision
0,263,0.01677020318372761,0.01677020318372761,reach_stay_no_collision
0,264,0.01833683370867864,0.01833683370867864,reach_stay_no_collision
0,265,0.016854116358959368,0.016854116358959368,reach_stay_no_collision
0,266,0.015032625971585629,0.015032625971585629,reach_stay_no_collision
0,267,0.014298008758239725,0.014298008758239725,reach_stay_no_collision
0,268,0.00748623437379662,0.00748623437379662,reach_stay_no_collision
0,269,0.01418834435533442,0.01418834435533442,reach_stay_no_collision
0,270,0.015608513847337552,0.015608513847337552,reach_stay_no_collision
0,271,0.014235352660256662,0.014235352660256662,reach_stay_no_collision
0,272,0.01313246424117577,0.01313246424117577,reach_stay_no_collision
0,273,0.015823693357350406,0.015823693357350406,reach_stay_no_collision
0,274,0.016581384841666234,0.016581384841666234,reach_stay_no_collision
0,275,0.015904130015646386,0.015904130015646386,reach_stay_no_collision
0,276,0.009798717477437324,0.009798717477437324,reach_stay_no_collision
0,277,0.011767383868372845,0.011767383868372845,reach_stay_no_collision
0,278,0.008071613912379124,0.008071613912379124,reach_stay_no_collision
0,279,0.016269443248487586,0.016269443248487586,reach_stay_no_collision
0,280,0.014339064357807636,0.014339064357807636,reach_stay_no_collision
0,281,0.013387828246901936,0.013387828246901936,reach_stay_no_collision
0,282,0.017479047925299713,0.017479047925299713,reach_stay_no_collision
0,283,0.01405138284255625,0.01405138284255625,reach_stay_no_collision
0,284,0.011752410394094167,0.011752410394094167,reach_stay_no_collision
0,285,0.015059102956940962,0.015059102956940962,reach_stay_no_collision
0,286,0.017095058530840215,0.017095058530840215,reach_stay_no_collision
0,287,0.0119396657340552,0.0119396657340552,reach_stay_no_collision
0,288,0.015275950626275469,0.015275950626275469,reach_stay_no_collision
0,289,0.013146565881867456,0.013146565881867456,reach_stay_no_collision
0,290,0.013027865503527674,0.013027865503527674,reach_stay_no_collision
0,291,0.009156425208137278,0.009156425208137278,reach_stay_no_collision
0,292,0.008754897007985615,0.008754897007985615,reach_stay_no_collision
0,293,0.012328735230763554,0.012328735230763554,reach_stay_no_collision
0,294,0.014506502123293095,0.014506502123293095,reach_stay_no_collision
0,295,0.007693211483954859,0.007693211483954859,reach_stay_no_collision
0,296,0.01163582141195951,0.01163582141195951,reach_stay_no_collision
0,297,0.00734245957540563,0.00734245957540563,reach_stay_no_collision
0,298,0.01387896180902352,0.01387896180902352,reach_stay_no_collision
0,299,0.011459338495369911,0.011459338495369911,reach_stay_no_collision
0,300,0.014663906676138094,0.014663906676138094,reach_stay_no_collision
0,301,0.016280919070017687,0.016280919070017687,reach_stay_no_collision
0,302,0.0177229430631547,0.0177229430631547,reach_stay_no_collision
0,303,0.013393237201008093,0.013393237201008093,reach_stay_no_collision
0,304,0.014773076823288442,0.014773076823288442,reach_stay_no_collision
0,305,0.016301621441332834,0.016301621441332834,reach_stay_no_collision
0,306,0.013084585690706496,0.013084585690706496,reach_stay_no_collision
0,307,0.015183694384000145,0.015183694384000145,reach_stay_no_collision
0,308,0.014198005590107754,0.014198005590107754,reach_stay_no_collision
0,309,0.017063839223869164,0.017063839223869164,reach_stay_no_collision
0,310,0.012907520925498777,0.012907520925498777,reach_stay_no_collision
0,311,0.010605628244358713,0.010605628244358713,reach_stay_no_collision
0,312,0.018949164190796307,0.018949164190796307,reach_stay_no_collision
0,313,0.015272352837637875,0.015272352837637875,reach_stay_no_collision
0,314,0.009634361299988306,0.009634361299988306,reach_stay_no_collision
0,315,0.016514667330491176,0.016514667330491176,reach_stay_no_collision
0,316,0.016082057813318278,0.016082057813318278,reach_stay_no_collision
0,317,0.011296130910617768,0.011296130910617768,reach_stay_no_collision
0,318,0.011891737808184026,0.011891737808184026,reach_stay_no_collision
0,319,0.01708737471458806,0.01708737471458806,reach_stay_no_collision
0,320,0.015410986647164625,0.015410986647164625,reach_stay_no_collision
0,321,0.015363021062055362,0.015363021062055362,reach_stay_no_collision
0,322,0.014652856609913343,0.014652856609913343,reach_stay_no_collision
0,323,0.012575653884270883,0.012575653884270883,reach_stay_no_collision
0,324,0.014407241877984076,0.014407241877984076,reach_stay_no_collision
0,325,0.014954047063913182,0.014954047063913182,reach_stay_no_collision
0,326,0.017213046650286078,0.017213046650286078,reach_stay_no_collision
0,327,0.015511169896237256,0.015511169896237256,reach_stay_no_collision
0,328,0.016953896555592124,0.016953896555592124,reach_stay_no_collision
0,329,0.015862177623963268,0.015862177623963268,reach_stay_no_collision
0,330,0.015123281470702,0.015123281470702,reach_stay_no_collision
0,331,0.009758178643781826,0.009758178643781826,reach_stay_no_collision
0,332,0.011128525725597596,0.011128525725597596,reach_stay_no_collision
0,333,0.016689545725712348,0.016689545725712348,reach_stay_no_collision
0,334,0.014297212776242902,0.014297212776242902,reach_stay_no_collision
0,335,0.015956629154821315,0.015956629154821315,reach_stay_no_collision
0,336,0.014388589225618151,0.014388589225618151,reach_stay_no_collision
0,337,0.016479699519369964,0.016479699519369964,reach_stay_no_collision
0,338,0.014057614875842969,0.014057614875842969,reach_stay_no_collision
0,339,0.015239310933006758,0.015239310933006758,reach_stay_no_collision
0,340,0.014841946411014207,0.014841946411014207,reach_stay_no_collision
0,341,0.01672474010061448,0.01672474010061448,reach_stay_no_collision
0,342,0.015276644378377393,0.015276644378377393,reach_stay_no_collision
0,343,0.015156339764718182,0.015156339764718182,reach_stay_no_collision
0,344,0.016643760316487906,0.016643760316487906,reach_stay_no_collision
0,345,0.013774980158643287,0.013774980158643287,reach_stay_no_collision
0,346,0.012998103142102748,0.012998103142102748,reach_stay_no_collision
0,347,0.014865749055580354,0.014865749055580354,reach_stay_no_collision
0,348,0.016985123509710032,0.016985123509710032,reach_stay_no_collision
0,349,0.013173250221962085,0.013173250221962085,reach_stay_no_collision
0,350,0.01282207932638084,0.01282207932638084,reach_stay_no_collision
0,351,0.014443572448742954,0.014443572448742954,reach_stay_no_collision
0,352,0.016401438799184095,0.016401438799184095,reach_stay_no_collision
0,353,0.0042587095155598755,0.0042587095155598755,reach_stay_no_collision
0,354,0.014866506186886834,0.014866506186886834,reach_stay_no_collision
0,355,0.010971074756304676,0.010971074756304676,reach_stay_no_collision
0,356,0.018580182440531837,0.018580182440531837,reach_stay_no_collision
0,357,0.012505886003338022,0.012505886003338022,reach_stay_no_collision
0,358,0.015258808965664464,0.015258808965664464,reach_stay_no_collision
0,359,0.0156978094716975,0.0156978094716975,reach_stay_no_collision
0,360,0.01554598438823657,0.01554598438823657,reach_stay_no_collision
0,361,0.017721344736337297,0.017721344736337297,reach_stay_no_collision
0,362,0.01641936647139468,0.01641936647139468,reach_stay_no_collision
0,363,0.015873676915426748,0.015873676915426748,reach_stay_no_collision
0,364,0.011862500522339352,0.011862500522339352,reach_stay_no_collision
0,365,0.017342272881681248,0.017342272881681248,reach_stay_no_collision
0,366,0.014119930509647192,0.014119930509647192,reach_stay_no_collision
0,367,0.015261386674749609,0.015261386674749609,reach_stay_no_collision
0,368,0.018348565495697793,0.018348565495697793,reach_stay_no_collision
0,369,0.014811639119864321,0.014811639119864321,reach_stay_no_collision
0,370,0.01727428052922978,0.01727428052922978,reach_stay_no_collision
0,371,0.01464936536037796,0.01464936536037796,reach_stay_no_collision
0,372,0.016188674344334925,0.016188674344334925,reach_stay_no_collision
0,373,0.01733921015932051,0.01733921015932051,reach_stay_no_collision
0,374,0.017014194042724553,0.017014194042724553,reach_stay_no_collision
0,375,0.01798315689603238,0.01798315689603238,reach_stay_no_collision
0,376,0.01808365129362761,0.01808365129362761,reach_stay_no_collision
0,377,0.017051483409958625,0.017051483409958625,reach_stay_no_collision
0,378,0.01135323847872212,0.01135323847872212,reach_stay_no_collision
0,379,0.012494408241061957,0.012494408241061957,reach_stay_no_collision
0,380,0.01884869166532549,0.01884869166532549,reach_stay_no_collision
0,381,0.013118774571976329,0.013118774571976329,reach_stay_no_collision
0,382,0.014277591013163888,0.014277591013163888,reach_stay_no_collision
0,383,0.013192788398340934,0.013192788398340934,reach_stay_no_collision
0,384,0.01643745328008631,0.01643745328008631,reach_stay_no_collision
0,385,0.014827340740994566,0.014827340740994566,reach_stay_no_collision
0,386,0.01172062324629074,0.01172062324629074,reach_stay_no_collision
0,387,0.015909169924064645,0.015909169924064645,reach_stay_no_collision
0,388,0.014564815827606265,0.014564815827606265,reach_stay_no_collision
0,389,0.014142801007107943,0.014142801007107943,reach_stay_no_collision
0,390,0.01172384469047256,0.01172384469047256,reach_stay_no_collision
0,391,0.011593541534890834,0.011593541534890834,reach_stay_no_collision
0,392,0.015276465239757552,0.015276465239757552,reach_stay_no_collision
0,393,0.016322384227177876,0.016322384227177876,reach_stay_no_collision
0,394,0.012148710166874683,0.012148710166874683,reach_stay_no_collision
0,395,0.0159118667445134,0.0159118667445134,reach_stay_no_collision
0,396,0.01652186883079609,0.01652186883079609,reach_stay_no_collision
0,397,0.01368137142122809,0.01368137142122809,reach_stay_no_collision
0,398,0.015358632551418732,0.015358632551418732,reach_stay_no_collision
0,399,0.015026074499569124,0.015026074499569124,reach_stay_no_collision
0,400,0.016812045915456576,0.016812045915456576,reach_stay_no_collision
0,401,0.015683566775613982,0.015683566775613982,reach_stay_no_collision
0,402,0.01649657554748947,0.01649657554748947,reach_stay_no_collision
0,403,0.016310786814350196,0.016310786814350196,reach_stay_no_collision
0,404,0.0162225669506607,0.0162225669506607,reach_stay_no_collision
0,405,0.012304915728531806,0.012304915728531806,reach_stay_no_collision
0,406,0.018805457933670923,0.018805457933670923,reach_stay_no_collision
0,407,0.009869126677705292,0.009869126677705292,reach_stay_no_collision
0,408,0.011412678112123464,0.011412678112123464,reach_stay_no_collision
0,409,0.014595313946386187,0.014595313946386187,reach_stay_no_collision
0,410,0.014915246121510364,0.014915246121510364,reach_stay_no_collision
0,411,0.012377427088552141,0.012377427088552141,reach_stay_no_collision
0,412,0.01127598385290562,0.01127598385290562,reach_stay_no_collision
0,413,0.01700446232653101,0.01700446232653101,reach_stay_no_collision
0,414,0.015870220628480834,0.015870220628480834,reach_stay_no_collision
0,415,0.014149271136884748,0.014149271136884748,reach_stay_no_collision
0,416,0.017198972240910552,0.017198972240910552,reach_stay_no_collision
0,417,0.015064884280237462,0.015064884280237462,reach_stay_no_collision
0,418,0.015630670544336228,0.015630670544336228,reach_stay_no_collision
0,419,0.014280866147698378,0.014280866147698378,reach_stay_no_collision
0,420,0.017377670726469632,0.017377670726469632,reach_stay_no_collision
0,421,0.01847222349384291,0.01847222349384291,reach_stay_no_collision
0,422,0.01628588532786665,0.01628588532786665,reach_stay_no_collision
0,423,0.01545746726946701,0.01545746726946701,reach_stay_no_collision
0,424,0.01598849513220838,0.01598849513220838,reach_stay_no_collision
0,425,0.013342991173474612,0.013342991173474612,reach_stay_no_collision
0,426,0.016423532536018758,0.016423532536018758,reach_stay_no_collision
0,427,0.016485783630023277,0.016485783630023277,reach_stay_no_collision
0,428,0.01663965848952209,0.01663965848952209,reach_stay_no_collision
0,429,0.009839799059660315,0.009839799059660315,reach_stay_no_collision
0,430,0.013599141085501289,0.013599141085501289,reach_stay_no_collision
0,431,0.01288916742999667,0.01288916742999667,reach_stay_no_collision
0,432,0.015765290441360012,0.015765290441360012,reach_stay_no_collision
0,433,0.019192684438341084,0.019192684438341084,reach_stay_no_collision
0,434,0.01010408606744615,0.01010408606744615,reach_stay_no_collision
0,435,0.012567327139859755,0.012567327139859755,reach_stay_no_collision
0,436,0.0179376919782233,0.0179376919782233,reach_stay_no_collision
0,437,0.01339734853050585,0.01339734853050585,reach_stay_no_collision
0,438,0.015035903120109051,0.015035903120109051,reach_stay_no_collision
0,439,0.016672103913446416,0.016672103913446416,reach_stay_no_collision
0,440,0.011966640764410596,0.011966640764410596,reach_stay_no_collision
0,441,0.016925388475752517,0.016925388475752517,reach_stay_no_collision
0,442,0.016251739595803012,0.016251739595803012,reach_stay_no_collision
0,443,0.01856996436102463,0.01856996436102463,reach_stay_no_collision
0,444,0.01449276952395313,0.01449276952395313,reach_stay_no_collision
0,445,0.010066656324588828,0.010066656324588828,reach_stay_no_collision
0,446,0.017594640978534942,0.017594640978534942,reach_stay_no_collision
0,447,0.012805523436403449,0.012805523436403449,reach_stay_no_collision
0,448,0.015143502479393086,0.015143502479393086,reach_stay_no_collision
0,449,0.016601225793003774,0.016601225793003774,reach_stay_no_collision
0,450,0.01700462702186356,0.01700462702186356,reach_stay_no_collision
0,451,0.01631425230169547,0.01631425230169547,reach_stay_no_collision
0,452,0.01605987425347638,0.01605987425347638,reach_stay_no_collision
0,453,0.01379706132927427,0.01379706132927427,reach_stay_no_collision
0,454,0.016901563717023536,0.016901563717023536,reach_stay_no_collision
0,455,0.013620886210516738,0.013620886210516738,reach_stay_no_collision
0,456,0.01646767780282356,0.01646767780282356,reach_stay_no_collision
0,457,0.011929937683596178,0.011929937683596178,reach_stay_no_collision
0,458,0.01676977841211614,0.01676977841211614,reach_stay_no_collision
0,459,0.017978780900767582,0.017978780900767582,reach_stay_no_collision
0,460,0.015790805545193742,0.015790805545193742,reach_stay_no_collision
0,461,0.01603947498553241,0.01603947498553241,reach_stay_no_collision
0,462,0.015831616178436186,0.015831616178436186,reach_stay_no_collision
0,463,0.017469795070639584,0.017469795070639584,reach_stay_no_collision
0,464,0.01580688247614459,0.01580688247614459,reach_stay_no_collision
0,465,0.016363274770136303,0.016363274770136303,reach_stay_no_collision
0,466,0.016755938989434838,0.016755938989434838,reach_stay_no_collision
0,467,0.015774293137918546,0.015774293137918546,reach_stay_no_collision
0,468,0.015514621005420216,0.015514621005420216,reach_stay_no_collision
0,469,0.01878302852574892,0.01878302852574892,reach_stay_no_collision
0,470,0.016236337514948674,0.016236337514948674,reach_stay_no_collision
0,471,0.015680066035458927,0.015680066035458927,reach_stay_no_collision
0,472,0.015738317298535975,0.015738317298535975,reach_stay_no_collision
0,473,0.017249071188040054,0.017249071188040054,reach_stay_no_collision
0,474,0.016776041529823697,0.016776041529823697,reach_stay_no_collision
0,475,0.019262799960457218,0.019262799960457218,reach_stay_no_collision
0,476,0.011516301292036119,0.011516301292036119,reach_stay_no_collision
0,477,0.01565923564237282,0.01565923564237282,reach_stay_no_collision
0,478,0.018212603751320267,0.018212603751320267,reach_stay_no_collision
0,479,0.014368577784924494,0.014368577784924494,reach_stay_no_collision
0,480,0.01643635735759108,0.01643635735759108,reach_stay_no_collision
0,481,0.015497148087214734,0.015497148087214734,reach_stay_no_collision
0,482,0.01383329597763832,0.01383329597763832,reach_stay_no_collision
0,483,0.011609150091769944,0.011609150091769944,reach_stay_no_collision
0,484,0.015769472565525182,0.015769472565525182,reach_stay_no_collision
0,485,0.01863851026264027,0.01863851026264027,reach_stay_no_collision
0,486,0.017762653975380648,0.017762653975380648,reach_stay_no_collision
0,487,0.013020065810065462,0.013020065810065462,reach_stay_no_collision
0,488,0.017469563108260273,0.017469563108260273,reach_stay_no_collision
0,489,0.018483170974178988,0.018483170974178988,reach_stay_no_collision
0,490,0.016815544893367725,0.016815544893367725,reach_stay_no_collision
0,491,0.018033493273118106,0.018033493273118106,reach_stay_no_collision
0,492,0.015708418060411497,0.015708418060411497,reach_stay_no_collision
0,493,0.017346528457094213,0.017346528457094213,reach_stay_no_collision
0,494,0.01470244730044163,0.01470244730044163,reach_stay_no_collision
0,495,0.017749155921994834,0.017749155921994834,reach_stay_no_collision
0,496,0.018229537452559872,0.018229537452559872,reach_stay_no_collision
0,497,0.01929721523928455,0.01929721523928455,reach_stay_no_collision
0,498,0.01593980599158549,0.01593980599158549,reach_stay_no_collision
0,499,0.015716122724322712,0.015716122724322712,reach_stay_no_collision
0,500,0.01840640800398919,0.01840640800398919,reach_stay_no_collision
0,501,0.018541754140509133,0.018541754140509133,reach_stay_no_collision
0,502,0.017401182732438885,0.017401182732438885,reach_stay_no_collision
0,503,0.014016725563153937,0.014016725563153937,reach_stay_no_collision
0,504,0.01589686172715614,0.01589686172715614,reach_stay_no_collision
0,505,0.018250048295938362,0.018250048295938362,reach_stay_no_collision
0,506,0.013901515213531487,0.013901515213531487,reach_stay_no_collision
0,507,0.01663444296341838,0.01663444296341838,reach_stay_no_collision
0,508,0.01309978828446522,0.01309978828446522,reach_stay_no_collision
0,509,0.01664563666318644,0.01664563666318644,reach_stay_no_collision
0,510,0.016777955731019336,0.016777955731019336,reach_stay_no_collision
0,511,0.017813885192150023,0.017813885192150023,reach_stay_no_collision
0,512,0.017778663129954624,0.017778663129954624,reach_stay_no_collision
0,513,0.011915999219335977,0.011915999219335977,reach_stay_no_collision
0,514,0.01446715114775795,0.01446715114775795,reach_stay_no_collision
0,515,0.01412158507005901,0.01412158507005901,reach_stay_no_collision
0,516,0.015710211805391054,0.015710211805391054,reach_stay_no_collision
0,517,0.015460358660443681,0.015460358660443681,reach_stay_no_collision
0,518,0.013654469452670397,0.013654469452670397,reach_stay_no_collision
0,519,0.014871483842456665,0.014871483842456665,reach_stay_no_collision
0,520,0.015913950960528677,0.015913950960528677,reach_stay_no_collision
0,521,0.018024115894820298,0.018024115894820298,reach_stay_no_collision
0,522,0.01852718104920418,0.01852718104920418,reach_stay_no_collision
0,523,0.014331979709810806,0.014331979709810806,reach_stay_no_collision
0,524,0.013981044945279826,0.013981044945279826,reach_stay_no_collision
0,525,0.014590269467792249,0.014590269467792249,reach_stay_no_collision
0,526,0.013879275404322617,0.013879275404322617,reach_stay_no_collision
0,527,0.01828677044486178,0.01828677044486178,reach_stay_no_collision
0,528,0.014509352483516114,0.014509352483516114,reach_stay_no_collision
0,529,0.016024897168729624,0.016024897168729624,reach_stay_no_collision
0,530,0.015257840852109378,0.015257840852109378,reach_stay_no_collision
0,531,0.012027596010643685,0.012027596010643685,reach_stay_no_collision
0,532,0.01703061618728049,0.01703061618728049,reach_stay_no_collision
0,533,0.01879184474719578,0.01879184474719578,reach_stay_no_collision
0,534,0.01537994207155574,0.01537994207155574,reach_stay_no_collision
0,535,0.017826764423351446,0.017826764423351446,reach_stay_no_collision
0,536,0.017496536091720187,0.017496536091720187,reach_stay_no_collision
0,537,0.01763088687526005,0.01763088687526005,reach_stay_no_collision
0,538,0.017831604795210947,0.017831604795210947,reach_stay_no_collision
0,539,0.01519274689970766,0.01519274689970766,reach_stay_no_collision
0,540,0.01488962322468906,0.01488962322468906,reach_stay_no_collision
0,541,0.01647865651694403,0.01647865651694403,reach_stay_no_collision
0,542,0.01880654443554221,0.01880654443554221,reach_stay_no_collision
0,543,0.018004753934077092,0.018004753934077092,reach_stay_no_collision
0,544,0.017879902307785682,0.017879902307785682,reach_stay_no_collision
0,545,0.016360275109641453,0.016360275109641453,reach_stay_no_collision
0,546,0.017989653506227277,0.017989653506227277,reach_stay_no_collision
0,547,0.016299810200243372,0.016299810200243372,reach_stay_no_collision
0,548,0.018632176613989405,0.018632176613989405,reach_stay_no_collision
0,549,0.013490851886304882,0.013490851886304882,reach_stay_no_collision
0,550,0.015413167900949085,0.015413167900949085,reach_stay_no_collision
0,551,0.010616161961802033,0.010616161961802033,reach_stay_no_collision
0,552,0.015019806324676397,0.015019806324676397,reach_stay_no_collision
0,553,0.013534658003671301,0.013534658003671301,reach_stay_no_collision
0,554,0.017602985640961626,0.017602985640961626,reach_stay_no_collision
0,555,0.015633389588488075,0.015633389588488075,reach_stay_no_collision
0,556,0.010364123629246162,0.010364123629246162,reach_stay_no_collision
0,557,0.01449614613258917,0.01449614613258917,reach_stay_no_collision
0,558,0.01895455440883601,0.01895455440883601,reach_stay_no_collision
0,559,0.01423836632741574,0.01423836632741574,reach_stay_no_collision
0,560,0.019307145204640455,0.019307145204640455,reach_stay_no_collision
0,561,0.014189983333993256,0.014189983333993256,reach_stay_no_collision
0,562,0.014113677049706001,0.014113677049706001,reach_stay_no_collision
0,563,0.015185693906032628,0.015185693906032628,reach_stay_no_collision
0,564,0.017296272045678636,0.017296272045678636,reach_stay_no_collision
0,565,0.017740698412067706,0.017740698412067706,reach_stay_no_collision
0,566,0.012326283507892605,0.012326283507892605,reach_stay_no_collision
0,567,0.014093331689546552,0.014093331689546552,reach_stay_no_collision
0,568,0.017038204604519998,0.017038204604519998,reach_stay_no_collision
0,569,0.012301536017022227,0.012301536017022227,reach_stay_no_collision
0,570,0.016145456685260816,0.016145456685260816,reach_stay_no_collision
0,571,0.01851874214396891,0.01851874214396891,reach_stay_no_collision
0,572,0.012962679321451068,0.012962679321451068,reach_stay_no_collision
0,573,0.016696621071086437,0.016696621071086437,reach_stay_no_collision
0,574,0.0168713476287428,0.0168713476287428,reach_stay_no_collision
0,575,0.0176453991882984,0.0176453991882984,reach_stay_no_collision
0,576,0.016517867658653925,0.016517867658653925,reach_stay_no_collision
0,577,0.0164086304646101,0.0164086304646101,reach_stay_no_collision
0,578,0.014980067301301088,0.014980067301301088,reach_stay_no_collision
0,579,0.012600363997921204,0.012600363997921204,reach_stay_no_collision
0,580,0.018150576343451456,0.018150576343451456,reach_stay_no_collision
0,581,0.01830663298870551,0.01830663298870551,reach_stay_no_collision
0,582,0.012939026181070998,0.012939026181070998,reach_stay_no_collision
0,583,0.014510263370585127,0.014510263370585127,reach_stay_no_collision
0,584,0.015330918117478118,0.015330918117478118,reach_stay_no_collision
0,585,0.0177071994477691,0.0177071994477691,reach_stay_no_collision
0,586,0.016036304155477833,0.016036304155477833,reach_stay_no_collision
0,587,0.015206192968160124,0.015206192968160124,reach_stay_no_collision
0,588,0.014876235187480165,0.014876235187480165,reach_stay_no_collision
0,589,0.01442365476972907,0.01442365476972907,reach_stay_no_collision
0,590,0.017787457929282904,0.017787457929282904,reach_stay_no_collision
0,591,0.013280887684246019,0.013280887684246019,reach_stay_no_collision
0,592,0.015971188685213713,0.015971188685213713,reach_stay_no_collision
0,593,0.013676197514646764,0.013676197514646764,reach_stay_no_collision
0,594,0.01500333392313222,0.01500333392313222,reach_stay_no_collision
0,595,0.017070285897439964,0.017070285897439964,reach_stay_no_collision
0,596,0.01861686878934611,0.01861686878934611,reach_stay_no_collision
0,597,0.016039527613979983,0.016039527613979983,reach_stay_no_collision
0,598,0.016182632910839607,0.016182632910839607,reach_stay_no_collision
0,599,0.014173762031616643,0.014173762031616643,reach_stay_no_collision
0,600,0.012331432665319032,0.012331432665319032,reach_stay_no_collision
0,601,0.00728360570285143,0.00728360570285143,reach_stay_no_collision
0,602,0.012820837303863058,0.012820837303863058,reach_stay_no_collision
0,603,0.017023146048078027,0.017023146048078027,reach_stay_no_collision
0,604,0.017398826100856354,0.017398826100856354,reach_stay_no_collision
0,605,0.009628020759058262,0.009628020759058262,reach_stay_no_collision
0,606,0.01614709190367394,0.01614709190367394,reach_stay_no_collision
0,607,0.01647671784172653,0.01647671784172653,reach_stay_no_collision
0,608,0.017285518166790886,0.017285518166790886,reach_stay_no_collision
0,609,0.014916222085548873,0.014916222085548873,reach_stay_no_collision
0,610,0.017720811350015114,0.017720811350015114,reach_stay_no_collision
0,611,0.012659082634407442,0.012659082634407442,reach_stay_no_collision
0,612,0.016002371054609107,0.016002371054609107,reach_stay_no_collision
0,613,0.01305766187972324,0.01305766187972324,reach_stay_no_collision
0,614,0.012866440103814807,0.012866440103814807,reach_stay_no_collision
0,615,0.018249508165311276,0.018249508165311276,reach_stay_no_collision
0,616,0.015498381462307137,0.015498381462307137,reach_stay_no_collision
0,617,0.018660889946541383,0.018660889946541383,reach_stay_no_collision
0,618,0.013084215218579142,0.013084215218579142,reach_stay_no_collision
0,619,0.01794186869625337,0.01794186869625337,reach_stay_no_collision
0,620,0.015594437470137789,0.015594437470137789,reach_stay_no_collision
0,621,0.016746729193602473,0.016746729193602473,reach_stay_no_collision
0,622,0.017842710425125544,0.017842710425125544,reach_stay_no_collision
0,623,0.012397160213360313,0.012397160213360313,reach_stay_no_collision
0,624,0.009140830463676013,0.009140830463676013,reach_stay_no_collision
0,625,0.013239390576768106,0.013239390576768106,reach_stay_no_collision
0,626,0.01532217909646207,0.01532217909646207,reach_stay_no_collision
0,627,0.01637938623672489,0.01637938623672489,reach_stay_no_collision
0,628,0.018766612052909713,0.018766612052909713,reach_stay_no_collision
0,629,0.01536679018782262,0.01536679018782262,reach_stay_no_collision
0,630,0.015446682232115304,0.015446682232115304,reach_stay_no_collision
0,631,0.0148495272989222,0.0148495272989222,reach_stay_no_collision
0,632,0.01617226612974936,0.01617226612974936,reach_stay_no_collision
0,633,0.015519554572583638,0.015519554572583638,reach_stay_no_collision
0,634,0.016055963782903367,0.016055963782903367,reach_stay_no_collision
0,635,0.016359907455878085,0.016359907455878085,reach_stay_no_collision
0,636,0.012948011746807948,0.012948011746807948,reach_stay_no_collision
0,637,0.015700841599720204,0.015700841599720204,reach_stay_no_collision
0,638,0.01649253309196617,0.01649253309196617,reach_stay_no_collision
0,639,0.013702581470381685,0.013702581470381685,reach_stay_no_collision
0,640,0.0172035692574337,0.0172035692574337,reach_stay_no_collision
0,641,0.01616208824981696,0.01616208824981696,reach_stay_no_collision
0,642,0.015008008091549997,0.015008008091549997,reach_stay_no_collision
0,643,0.01864478770562018,0.01864478770562018,reach_stay_no_collision
0,644,0.01611628911700603,0.01611628911700603,reach_stay_no_collision
0,645,0.01657034725812684,0.01657034725812684,reach_stay_no_collision
0,646,0.01638527601197828,0.01638527601197828,reach_stay_no_collision
0,647,0.01603532274197776,0.01603532274197776,reach_stay_no_collision
0,648,0.018346574802065488,0.018346574802065488,reach_stay_no_collision
0,649,0.018819903226697625,0.018819903226697625,reach_stay_no_collision
0,650,0.017361363710964268,0.017361363710964268,reach_stay_no_collision
0,651,0.018176526804338036,0.018176526804338036,reach_stay_no_collision
0,652,0.014803851884990456,0.014803851884990456,reach_stay_no_collision
0,653,0.013408262308853346,0.013408262308853346,reach_stay_no_collision
0,654,0.01755814165463263,0.01755814165463263,reach_stay_no_collision
0,655,0.01873219741294912,0.01873219741294912,reach_stay_no_collision
0,656,0.016352883936614267,0.016352883936614267,reach_stay_no_collision
0,657,0.01764025839920969,0.01764025839920969,reach_stay_no_collision
0,658,0.01818906837597855,0.01818906837597855,reach_stay_no_collision
0,659,0.0173018286733692,0.0173018286733692,reach_stay_no_collision
0,660,0.019519317524370403,0.019519317524370403,reach_stay_no_collision
0,661,0.014827184763716307,0.014827184763716307,reach_stay_no_collision
0,662,0.018264155859024155,0.018264155859024155,reach_stay_no_collision
0,663,0.013069970858632504,0.013069970858632504,reach_stay_no_collision
0,664,0.013349809307298233,0.013349809307298233,reach_stay_no_collision
0,665,0.01384806681922142,0.01384806681922142,reach_stay_no_collision
0,666,0.016253980509809966,0.016253980509809966,reach_stay_no_collision
0,667,0.014557127902901446,0.014557127902901446,reach_stay_no_collision
0,668,0.014749866129021284,0.014749866129021284,reach_stay_no_collision
0,669,0.017664623951430654,0.017664623951430654,reach_stay_no_collision
0,670,0.018769009591253723,0.018769009591253723,reach_stay_no_collision
0,671,0.013711214460886006,0.013711214460886006,reach_stay_no_collision
0,672,0.01753368360472244,0.01753368360472244,reach_stay_no_collision
0,673,0.015661084837176636,0.015661084837176636,reach_stay_no_collision
0,674,0.01757762831384603,0.01757762831384603,reach_stay_no_collision
0,675,0.01665664615739268,0.01665664615739268,reach_stay_no_collision
0,676,0.015108443401953883,0.015108443401953883,reach_stay_no_collision
0,677,0.017199237481678956,0.017199237481678956,reach_stay_no_collision
0,678,0.015250436978763549,0.015250436978763549,reach_stay_no_collision
0,679,0.018422688045243704,0.018422688045243704,reach_stay_no_collision
0,680,0.018466656121787352,0.018466656121787352,reach_stay_no_collision
0,681,0.016632073314638396,0.016632073314638396,reach_stay_no_collision
0,682,0.018480553858037332,0.018480553858037332,reach_stay_no_collision
0,683,0.011965808461378652,0.011965808461378652,reach_stay_no_collision
0,684,0.011433832669266881,0.011433832669266881,reach_stay_no_collision
0,685,0.015465526487838744,0.015465526487838744,reach_stay_no_collision
0,686,0.015679496206652065,0.015679496206652065,reach_stay_no_collision
0,687,0.014979298137000878,0.014979298137000878,reach_stay_no_collision
0,688,0.015499602112137686,0.015499602112137686,reach_stay_no_collision
0,689,0.0170065043532066,0.0170065043532066,reach_stay_no_collision
0,690,0.017540590642976424,0.017540590642976424,reach_stay_no_collision
0,691,0.014159382344090157,0.014159382344090157,reach_stay_no_collision
0,692,0.01788057198268768,0.01788057198268768,reach_stay_no_collision
0,693,0.01468776208928383,0.01468776208928383,reach_stay_no_collision
0,694,0.017510244335907206,0.017510244335907206,reach_stay_no_collision
0,695,0.01817816441290575,0.01817816441290575,reach_stay_no_collision
0,696,0.01380815556124262,0.01380815556124262,reach_stay_no_collision
0,697,0.015153209766107232,0.015153209766107232,reach_stay_no_collision
0,698,0.0185549758990175,0.0185549758990175,reach_stay_no_collision
0,699,0.014059075354663312,0.014059075354663312,reach_stay_no_collision
0,700,0.015259181250346818,0.015259181250346818,reach_stay_no_collision
0,701,0.018072792793511254,0.018072792793511254,reach_stay_no_collision
0,702,0.018072704284676198,0.018072704284676198,reach_stay_no_collision
0,703,0.016098516629763585,0.016098516629763585,reach_stay_no_collision
0,704,0.01553505922259939,0.01553505922259939,reach_stay_no_collision
0,705,0.01797829937133467,0.01797829937133467,reach_stay_no_collision
0,706,0.015693401354610795,0.015693401354610795,reach_stay_no_collision
0,707,0.018998888304003047,0.018998888304003047,reach_stay_no_collision
0,708,0.014046343861232333,0.014046343861232333,reach_stay_no_collision
0,709,0.009160458982795376,0.009160458982795376,reach_stay_no_collision
0,710,0.014319917907650189,0.014319917907650189,reach_stay_no_collision
0,711,0.013142193787779918,0.013142193787779918,reach_stay_no_collision
0,712,0.01889385780881567,0.01889385780881567,reach_stay_no_collision
0,713,0.015091563993312077,0.015091563993312077,reach_stay_no_collision
0,714,0.01692352773042219,0.01692352773042219,reach_stay_no_collision
0,715,0.013995279812432638,0.013995279812432638,reach_stay_no_collision
0,716,0.017797297965700044,0.017797297965700044,reach_stay_no_collision
0,717,0.01670241006168598,0.01670241006168598,reach_stay_no_collision
0,718,0.011532202466785739,0.011532202466785739,reach_stay_no_collision
0,719,0.016068102832673722,0.016068102832673722,reach_stay_no_collision
0,720,0.015539499216893583,0.015539499216893583,reach_stay_no_collision
0,721,0.01623053490829928,0.01623053490829928,reach_stay_no_collision
0,722,0.016885375731470077,0.016885375731470077,reach_stay_no_collision
0,723,0.014102642251900308,0.014102642251900308,reach_stay_no_collision
0,724,0.016409492446922806,0.016409492446922806,reach_stay_no_collision
0,725,0.013841969353718706,0.013841969353718706,reach_stay_no_collision
0,726,0.011813756852696705,0.011813756852696705,reach_stay_no_collision
0,727,0.012933678612961897,0.012933678612961897,reach_stay_no_collision
0,728,0.012623463198437851,0.012623463198437851,reach_stay_no_collision
0,729,0.014990415594048484,0.014990415594048484,reach_stay_no_collision
0,730,0.014795075536663184,0.014795075536663184,reach_stay_no_collision
0,731,0.01489699095983042,0.01489699095983042,reach_stay_no_collision
0,732,0.01836686276400561,0.01836686276400561,reach_stay_no_collision
0,733,0.017336468279651723,0.017336468279651723,reach_stay_no_collision
0,734,0.014225280325394413,0.014225280325394413,reach_stay_no_collision
0,735,0.013447070903486805,0.013447070903486805,reach_stay_no_collision
0,736,0.01913349039736048,0.01913349039736048,reach_stay_no_collision
0,737,0.017120856391225524,0.017120856391225524,reach_stay_no_collision
0,738,0.014367999265831754,0.014367999265831754,reach_stay_no_collision
0,739,0.016433016664242968,0.016433016664242968,reach_stay_no_collision
0,740,0.014671620869002755,0.014671620869002755,reach_stay_no_collision
0,741,0.014941903984712408,0.014941903984712408,reach_stay_no_collision
0,742,0.014937801828699034,0.014937801828699034,reach_stay_no_collision
0,743,0.01600747623161704,0.01600747623161704,reach_stay_no_collision
0,744,0.015190125801051932,0.015190125801051932,reach_stay_no_collision
0,745,0.01701757860949712,0.01701757860949712,reach_stay_no_collision
0,746,0.015797221243138197,0.015797221243138197,reach_stay_no_collision
0,747,0.017015381727255387,0.017015381727255387,reach_stay_no_collision
0,748,0.01411540169725658,0.01411540169725658,reach_stay_no_collision
0,749,0.01396626929789695,0.01396626929789695,reach_stay_no_collision
0,750,0.00664468306173399,0.00664468306173399,reach_stay_no_collision
0,751,0.017679148028227495,0.017679148028227495,reach_stay_no_collision
0,752,0.009972099570166326,0.009972099570166326,reach_stay_no_collision
0,753,0.014797996803142168,0.014797996803142168,reach_stay_no_collision
0,754,0.01839210576935036,0.01839210576935036,reach_stay_no_collision
0,755,0.01695713474009264,0.01695713474009264,reach_stay_no_collision
0,756,0.01266415381952516,0.01266415381952516,reach_stay_no_collision
0,757,0.017595860982874266,0.017595860982874266,reach_stay_no_collision
0,758,0.01858561512171415,0.01858561512171415,reach_stay_no_collision
0,759,0.018267246203451003,0.018267246203451003,reach_stay_no_collision
0,760,0.016318218508539796,0.016318218508539796,reach_stay_no_collision
0,761,0.012898258895918353,0.012898258895918353,reach_stay_no_collision
0,762,0.014418483996715921,0.014418483996715921,reach_stay_no_collision
0,763,0.018948921857107018,0.018948921857107018,reach_stay_no_collision
0,764,0.015221937950030887,0.015221937950030887,reach_stay_no_collision
0,765,0.018050057433179077,0.018050057433179077,reach_stay_no_collision
0,766,0.0152130054717452,0.0152130054717452,reach_stay_no_collision
0,767,0.012808941781574455,0.012808941781574455,reach_stay_no_collision
0,768,0.01720345527044636,0.01720345527044636,reach_stay_no_collision
0,769,0.015834725520267545,0.015834725520267545,reach_stay_no_collision
0,770,0.014343451429925238,0.014343451429925238,reach_stay_no_collision
0,771,0.01637325959572865,0.01637325959572865,reach_stay_no_collision
0,772,0.0182859317692926,0.0182859317692926,reach_stay_no_collision
0,773,0.010474249508422549,0.010474249508422549,reach_stay_no_collision
0,774,0.01590439295370422,0.01590439295370422,reach_stay_no_collision
0,775,0.01852977696828198,0.01852977696828198,reach_stay_no_collision
0,776,0.014446622258705136,0.014446622258705136,reach_stay_no_collision
0,777,0.01800609823353775,0.01800609823353775,reach_stay_no_collision
0,778,0.016697373389325948,0.016697373389325948,reach_stay_no_collision
0,779,0.015076991380154045,0.015076991380154045,reach_stay_no_collision
0,780,0.012878858155124335,0.012878858155124335,reach_stay_no_collision
0,781,0.01618983510140432,0.01618983510140432,reach_stay_no_collision
0,782,0.017866821504463608,0.017866821504463608,reach_stay_no_collision
0,783,0.017664431947475398,0.017664431947475398,reach_stay_no_collision
0,784,0.016830002709664633,0.016830002709664633,reach_stay_no_collision
0,785,0.009532280958627598,0.009532280958627598,reach_stay_no_collision
0,786,0.012676639113242145,0.012676639113242145,reach_stay_no_collision
0,787,0.01496168723137693,0.01496168723137693,reach_stay_no_collision
0,788,0.014119691198317562,0.014119691198317562,reach_stay_no_collision
0,789,0.015527623592416257,0.015527623592416257,reach_stay_no_collision
0,790,0.01611359279431971,0.01611359279431971,reach_stay_no_collision
0,791,0.01752570607982008,0.01752570607982008,reach_stay_no_collision
0,792,0.018457931241716803,0.018457931241716803,reach_stay_no_collision
0,793,0.01500078137321064,0.01500078137321064,reach_stay_no_collision
0,794,0.015306772710436406,0.015306772710436406,reach_stay_no_collision
0,795,0.014368169931654282,0.014368169931654282,reach_stay_no_collision
0,796,0.015175841957810621,0.015175841957810621,reach_stay_no_collision
0,797,0.019443738773067883,0.019443738773067883,reach_stay_no_collision
0,798,0.015630984263412938,0.015630984263412938,reach_stay_no_collision
0,799,0.01768491382308327,0.01768491382308327,reach_stay_no_collision
0,800,0.017974403078586252,0.017974403078586252,reach_stay_no_collision
0,801,0.018775303021968948,0.018775303021968948,reach_stay_no_collision
0,802,0.01745353016744159,0.01745353016744159,reach_stay_no_collision
0,803,0.01646231122903087,0.01646231122903087,reach_stay_no_collision
0,804,0.013428613476026908,0.013428613476026908,reach_stay_no_collision
0,805,0.016088625364572177,0.016088625364572177,reach_stay_no_collision
0,806,0.01632852297193656,0.01632852297193656,reach_stay_no_collision
0,807,0.013851448124871511,0.013851448124871511,reach_stay_no_collision
0,808,0.01585226002408525,0.01585226002408525,reach_stay_no_collision
0,809,0.016187393209451756,0.016187393209451756,reach_stay_no_collision
0,810,0.019571635902104843,0.019571635902104843,reach_stay_no_collision
0,811,0.018991826944195253,0.018991826944195253,reach_stay_no_collision
0,812,0.017765811378361633,0.017765811378361633,reach_stay_no_collision
0,813,0.018138116007400645,0.018138116007400645,reach_stay_no_collision
0,814,0.01688581933617744,0.01688581933617744,reach_stay_no_collision
0,815,0.017152991267628186,0.017152991267628186,reach_stay_no_collision
0,816,0.01606382413984887,0.01606382413984887,reach_stay_no_collision
0,817,0.018433867297707338,0.018433867297707338,reach_stay_no_collision
0,818,0.017921464667249348,0.017921464667249348,reach_stay_no_collision
0,819,0.015206150660166564,0.015206150660166564,reach_stay_no_collision
0,820,0.015966881165696032,0.015966881165696032,reach_stay_no_collision
0,821,0.017850369332233374,0.017850369332233374,reach_stay_no_collision
0,822,0.01591093130130035,0.01591093130130035,reach_stay_no_collision
0,823,0.013477461860923627,0.013477461860923627,reach_stay_no_collision
0,824,0.01584462820782936,0.01584462820782936,reach_stay_no_collision
0,825,0.016990115888966692,0.016990115888966692,reach_stay_no_collision
0,826,0.013939790539081894,0.013939790539081894,reach_stay_no_collision
0,827,0.013951466310989515,0.013951466310989515,reach_stay_no_collision
0,828,0.01434063237149421,0.01434063237149421,reach_stay_no_collision
0,829,0.01574020477203782,0.01574020477203782,reach_stay_no_collision
0,830,0.012846123240257797,0.012846123240257797,reach_stay_no_collision
0,831,0.015382373925218244,0.015382373925218244,reach_stay_no_collision
0,832,0.01636761874143614,0.01636761874143614,reach_stay_no_collision
0,833,0.017235703356068926,0.017235703356068926,reach_stay_no_collision
0,834,0.016698031565312604,0.016698031565312604,reach_stay_no_collision
0,835,0.018852409366434866,0.018852409366434866,reach_stay_no_collision
0,836,0.016107144048265888,0.016107144048265888,reach_stay_no_collision
0,837,0.012057592441494609,0.012057592441494609,reach_stay_no_collision
0,838,0.01675073235988957,0.01675073235988957,reach_stay_no_collision
0,839,0.01503902028404205,0.01503902028404205,reach_stay_no_collision
0,840,0.016701757682547235,0.016701757682547235,reach_stay_no_collision
0,841,0.015824785139640377,0.015824785139640377,reach_stay_no_collision
0,842,0.012750889911323962,0.012750889911323962,reach_stay_no_collision
0,843,0.015953425709623513,0.015953425709623513,reach_stay_no_collision
0,844,0.017685435858546764,0.017685435858546764,reach_stay_no_collision
0,845,0.014845331909975222,0.014845331909975222,reach_stay_no_collision
0,846,0.01594067619870878,0.01594067619870878,reach_stay_no_collision
0,847,0.016737659933297507,0.016737659933297507,reach_stay_no_collision
0,848,0.018482940772744143,0.018482940772744143,reach_stay_no_collision
0,849,0.016365636781687707,0.016365636781687707,reach_stay_no_collision
0,850,0.01602095894730032,0.01602095894730032,reach_stay_no_collision
0,851,0.01753100961370419,0.01753100961370419,reach_stay_no_collision
0,852,0.016241990334745254,0.016241990334745254,reach_stay_no_collision
0,853,0.011670675354307172,0.011670675354307172,reach_stay_no_collision
0,854,0.01659686180200333,0.01659686180200333,reach_stay_no_collision
0,855,0.013323773710674176,0.013323773710674176,reach_stay_no_collision
0,856,0.015666478187283638,0.015666478187283638,reach_stay_no_collision
0,857,0.01576355051961614,0.01576355051961614,reach_stay_no_collision
0,858,0.01870595852069933,0.01870595852069933,reach_stay_no_collision
0,859,0.01746670615731803,0.01746670615731803,reach_stay_no_collision
0,860,0.015055603579802478,0.015055603579802478,reach_stay_no_collision
0,861,0.018861725661499636,0.018861725661499636,reach_stay_no_collision
0,862,0.012439436578853155,0.012439436578853155,reach_stay_no_collision
0,863,0.017558199626584742,0.017558199626584742,reach_stay_no_collision
0,864,0.01150681464888707,0.01150681464888707,reach_stay_no_collision
0,865,0.015658111501227305,0.015658111501227305,reach_stay_no_collision
0,866,0.016877811344085062,0.016877811344085062,reach_stay_no_collision
0,867,0.016429095732905352,0.016429095732905352,reach_stay_no_collision
0,868,0.015166958752642363,0.015166958752642363,reach_stay_no_collision
0,869,0.016779339798886028,0.016779339798886028,reach_stay_no_collision
0,870,0.012360315783175178,0.012360315783175178,reach_stay_no_collision
0,871,0.017520854374503438,0.017520854374503438,reach_stay_no_collision
0,872,0.015772655261591186,0.015772655261591186,reach_stay_no_collision
0,873,0.015442044206795194,0.015442044206795194,reach_stay_no_collision
0,874,0.018417721624747533,0.018417721624747533,reach_stay_no_collision
0,875,0.018807836634554057,0.018807836634554057,reach_stay_no_collision
0,876,0.01692769263406845,0.01692769263406845,reach_stay_no_collision
0,877,0.016467000315089585,0.016467000315089585,reach_stay_no_collision
0,878,0.0167867675800155,0.0167867675800155,reach_stay_no_collision
0,879,0.014622936568814037,0.014622936568814037,reach_stay_no_collision
0,880,0.01480988397399436,0.01480988397399436,reach_stay_no_collision
0,881,0.012727170793613544,0.012727170793613544,reach_stay_no_collision
0,882,0.015380794735002267,0.015380794735002267,reach_stay_no_collision
0,883,0.015343449430662718,0.015343449430662718,reach_stay_no_collision
0,884,0.014627968982697465,0.014627968982697465,reach_stay_no_collision
0,885,0.011658454056539477,0.011658454056539477,reach_stay_no_collision
0,886,0.012087020180095916,0.012087020180095916,reach_stay_no_collision
0,887,0.016802659930889582,0.016802659930889582,reach_stay_no_collision
0,888,0.013530045712995084,0.013530045712995084,reach_stay_no_collision
0,889,0.014004516077152904,0.014004516077152904,reach_stay_no_collision
0,890,0.015748550014722452,0.015748550014722452,reach_stay_no_collision
0,891,0.016198360810548342,0.016198360810548342,reach_stay_no_collision
0,892,0.011632348200588064,0.011632348200588064,reach_stay_no_collision
0,893,0.018264674158617145,0.018264674158617145,reach_stay_no_collision
0,894,0.012167475601204462,0.012167475601204462,reach_stay_no_collision
0,895,0.0166459561969115,0.0166459561969115,reach_stay_no_collision
0,896,0.015605664472512262,0.015605664472512262,reach_stay_no_collision
0,897,0.013275055065184033,0.013275055065184033,reach_stay_no_collision
0,898,0.010148696609655424,0.010148696609655424,reach_stay_no_collision
0,899,0.01759293348701426,0.01759293348701426,reach_stay_no_collision
0,900,0.01787952842608552,0.01787952842608552,reach_stay_no_collision
0,901,0.01386969364435928,0.01386969364435928,reach_stay_no_collision
0,902,0.015945358880468725,0.015945358880468725,reach_stay_no_collision
0,903,0.014952693471674557,0.014952693471674557,reach_stay_no_collision
0,904,0.016262312404147605,0.016262312404147605,reach_stay_no_collision
0,905,0.01316888198915012,0.01316888198915012,reach_stay_no_collision
0,906,0.014850717862189855,0.014850717862189855,reach_stay_no_collision
0,907,0.015069492229757868,0.015069492229757868,reach_stay_no_collision
0,908,0.0109310486950473,0.0109310486950473,reach_stay_no_collision
0,909,0.017777124735339978,0.017777124735339978,reach_stay_no_collision
0,910,0.01702041473057232,0.01702041473057232,reach_stay_no_collision
0,911,0.015519216050606773,0.015519216050606773,reach_stay_no_collision
0,912,0.014206907516903743,0.014206907516903743,reach_stay_no_collision
0,913,0.016961149227243243,0.016961149227243243,reach_stay_no_collision
0,914,0.01547185919704563,0.01547185919704563,reach_stay_no_collision
0,915,0.015801706503532634,0.015801706503532634,reach_stay_no_collision
0,916,0.01597542326808898,0.01597542326808898,reach_stay_no_collision
0,917,0.016279609412248975,0.016279609412248975,reach_stay_no_collision
0,918,0.017122847094738824,0.017122847094738824,reach_stay_no_collision
0,919,0.01427325560034989,0.01427325560034989,reach_stay_no_collision
0,920,0.015242671007228793,0.015242671007228793,reach_stay_no_collision
0,921,0.01762186279715885,0.01762186279715885,reach_stay_no_collision
0,922,0.012192189828152653,0.012192189828152653,reach_stay_no_collision
0,923,0.016520819238015693,0.016520819238015693,reach_stay_no_collision
0,924,0.01672813792709795,0.01672813792709795,reach_stay_no_collision
0,925,0.015210294898847041,0.015210294898847041,reach_stay_no_collision
0,926,0.013925242304432508,0.013925242304432508,reach_stay_no_collision
0,927,0.01734299460944592,0.01734299460944592,reach_stay_no_collision
0,928,0.014512667804833384,0.014512667804833384,reach_stay_no_collision
0,929,0.014350810401488306,0.014350810401488306,reach_stay_no_collision
0,930,0.01613201124564154,0.01613201124564154,reach_stay_no_collision
0,931,0.01601443547411807,0.01601443547411807,reach_stay_no_collision
0,932,0.01476616062113809,0.01476616062113809,reach_stay_no_collision
0,933,0.013382631269109576,0.013382631269109576,reach_stay_no_collision
0,934,0.016913747960431217,0.016913747960431217,reach_stay_no_collision
0,935,0.014861973952366613,0.014861973952366613,reach_stay_no_collision
0,936,0.015250965849793855,0.015250965849793855,reach_stay_no_collision
0,937,0.016685970762679175,0.016685970762679175,reach_stay_no_collision
0,938,0.015096836911625508,0.015096836911625508,reach_stay_no_collision
0,939,0.016641782200798084,0.016641782200798084,reach_stay_no_collision
0,940,0.01646764262383889,0.01646764262383889,reach_stay_no_collision
0,941,0.015075838750664218,0.015075838750664218,reach_stay_no_collision
0,942,0.015644662397401286,0.015644662397401286,reach_stay_no_collision
0,943,0.01574969693830865,0.01574969693830865,reach_stay_no_collision
0,944,0.014215376752818611,0.014215376752818611,reach_stay_no_collision
0,945,0.012839029794759042,0.012839029794759042,reach_stay_no_collision
0,946,0.011830501261866135,0.011830501261866135,reach_stay_no_collision
0,947,0.016956076587971745,0.016956076587971745,reach_stay_no_collision
0,948,0.013886766908296568,0.013886766908296568,reach_stay_no_collision
0,949,0.01789520869939087,0.01789520869939087,reach_stay_no_collision
0,950,0.014388344211494677,0.014388344211494677,reach_stay_no_collision
0,951,0.008020799506360626,0.008020799506360626,reach_stay_no_collision
0,952,0.015059727548055764,0.015059727548055764,reach_stay_no_collision
0,953,0.015532434123307421,0.015532434123307421,reach_stay_no_collision
0,954,0.013896068189993244,0.013896068189993244,reach_stay_no_collision
0,955,0.014904704707764418,0.014904704707764418,reach_stay_no_collision
0,956,0.008633306440726502,0.008633306440726502,reach_stay_no_collision
0,957,0.01624257118624541,0.01624257118624541,reach_stay_no_collision
0,958,0.012403834447087751,0.012403834447087751,reach_stay_no_collision
0,959,0.012932695685873947,0.012932695685873947,reach_stay_no_collision
0,960,0.010959384392243289,0.010959384392243289,reach_stay_no_collision
0,961,0.016053693430990276,0.016053693430990276,reach_stay_no_collision
0,962,0.014092347208942552,0.014092347208942552,reach_stay_no_collision
0,963,0.013908156220375934,0.013908156220375934,reach_stay_no_collision
0,964,0.016362414866280282,0.016362414866280282,reach_stay_no_collision
0,965,0.01060212464966008,0.01060212464966008,reach_stay_no_collision
0,966,0.015947904944013228,0.015947904944013228,reach_stay_no_collision
0,967,0.014579956248822905,0.014579956248822905,reach_stay_no_collision
0,968,0.00870129724711086,0.00870129724711086,reach_stay_no_collision
0,969,0.012116465023065199,0.012116465023065199,reach_stay_no_collision
0,970,0.00984205129323817,0.00984205129323817,reach_stay_no_collision
0,971,0.007447391770261345,0.007447391770261345,reach_stay_no_collision
0,972,0.01349362082365636,0.01349362082365636,reach_stay_no_collision
0,973,0.015062004669026827,0.015062004669026827,reach_stay_no_collision
0,974,0.011381533906022295,0.011381533906022295,reach_stay_no_collision
0,975,0.0140419785613058,0.0140419785613058,reach_stay_no_collision
0,976,0.014161909926522723,0.014161909926522723,reach_stay_no_collision
0,977,0.01825571604202587,0.01825571604202587,reach_stay_no_collision
0,978,0.015310102216814007,0.015310102216814007,reach_stay_no_collision
0,979,0.01393423292760394,0.01393423292760394,reach_stay_no_collision
0,980,0.008949808197905319,0.008949808197905319,reach_stay_no_collision
0,981,0.0116662970068474,0.0116662970068474,reach_stay_no_collision
0,982,0.014476189303309558,0.014476189303309558,reach_stay_no_collision
0,983,0.012316679130752076,0.012316679130752076,reach_stay_no_collision
0,984,0.011166010209688187,0.011166010209688187,reach_stay_no_collision
0,985,0.01296860244905575,0.01296860244905575,reach_stay_no_collision
0,986,0.01268684898760434,0.01268684898760434,reach_stay_no_collision
0,987,0.01582342840080919,0.01582342840080919,reach_stay_no_collision
0,988,0.016215275141472637,0.016215275141472637,reach_stay_no_collision
0,989,0.013598111001987028,0.013598111001987028,reach_stay_no_collision
0,990,0.010646900564164567,0.010646900564164567,reach_stay_no_collision
0,991,0.012835247206935015,0.012835247206935015,reach_stay_no_collision
0,992,0.015202800812526972,0.015202800812526972,reach_stay_no_collision
0,993,0.009800826850356464,0.009800826850356464,reach_stay_no_collision
0,994,0.01100110651338598,0.01100110651338598,reach_stay_no_collision
0,995,0.017091898114375066,0.017091898114375066,reach_stay_no_collision
0,996,0.015095906917160926,0.015095906917160926,reach_stay_no_collision
0,997,0.01000034905629709,0.01000034905629709,reach_stay_no_collision
0,998,0.014260440826924289,0.014260440826924289,reach_stay_no_collision
0,999,0.014106705885148207,0.014106705885148207,reach_stay_no_collision
0,1000,0.013962417637011431,0.013962417637011431,reach_stay_no_collision
0,1001,0.008711457588568193,0.008711457588568193,reach_stay_no_collision
0,1002,0.00913158501751846,0.00913158501751846,reach_stay_no_collision
0,1003,0.012933621798846138,0.012933621798846138,reach_stay_no_collision
0,1004,0.011955865818963015,0.011955865818963015,reach_stay_no_collision
0,1005,0.01313970763489437,0.01313970763489437,reach_stay_no_collision
0,1006,0.011338446245004404,0.011338446245004404,reach_stay_no_collision
0,1007,0.015650158243064864,0.015650158243064864,reach_stay_no_collision
0,1008,0.01749451352999506,0.01749451352999506,reach_stay_no_collision
0,1009,0.007568061169896331,0.007568061169896331,reach_stay_no_collision
0,1010,0.016489901525083093,0.016489901525083093,reach_stay_no_collision
0,1011,0.013473703814599464,0.013473703814599464,reach_stay_no_collision
0,1012,0.007696036912306983,0.007696036912306983,reach_stay_no_collision
0,1013,0.011581061415746049,0.011581061415746049,reach_stay_no_collision
0,1014,0.013934808214553746,0.013934808214553746,reach_stay_no_collision
0,1015,0.007811576693209251,0.007811576693209251,reach_stay_no_collision
0,1016,0.00727890903336267,0.00727890903336267,reach_stay_no_collision
0,1017,0.015349089740602066,0.015349089740602066,reach_stay_no_collision
0,1018,0.006540014347605358,0.006540014347605358,reach_stay_no_collision
0,1019,0.0024232435556756603,0.0024232435556756603,reach_stay_no_collision
0,1020,0.014627654015121335,0.014627654015121335,reach_stay_no_collision
0,1021,0.006572074654128977,0.006572074654128977,reach_stay_no_collision
0,1022,0.007924111843336575,0.007924111843336575,reach_stay_no_collision
0,1023,0.016402996231699763,0.016402996231699763,reach_stay_no_collision
0,1024,0.01018974933357612,0.01018974933357612,reach_stay_no_collision
0,1025,0.010838519746783078,0.010838519746783078,reach_stay_no_collision
0,1026,0.012465272487283994,0.012465272487283994,reach_stay_no_collision
0,1027,0.008207102767465817,0.008207102767465817,reach_stay_no_collision
0,1028,0.011583175529056178,0.011583175529056178,reach_stay_no_collision
0,1029,0.008167136357979273,0.008167136357979273,reach_stay_no_collision
0,1030,0.012979747609899808,0.012979747609899808,reach_stay_no_collision
0,1031,0.013425100409159025,0.013425100409159025,reach_stay_no_collision
0,1032,0.01085185974271121,0.01085185974271121,reach_stay_no_collision
0,1033,0.017150330261316713,0.017150330261316713,reach_stay_no_collision
0,1034,0.011602964286941918,0.011602964286941918,reach_stay_no_collision
0,1035,0.005367253310990732,0.005367253310990732,reach_stay_no_collision
0,1036,0.004752523874515833,0.004752523874515833,reach_stay_no_collision
0,1037,0.008713540697080784,0.008713540697080784,reach_stay_no_collision
0,1038,1.2219878087624259e-05,1.2219878087624259e-05,reach_stay_no_collision
0,1039,0.004620913192437275,0.004620913192437275,reach_stay_no_collision
0,1040,0.013026770513463036,0.013026770513463036,reach_stay_no_collision
0,1041,0.013449034446692489,0.013449034446692489,reach_stay_no_collision
0,1042,0.0021802486738806554,0.0021802486738806554,reach_stay_no_collision
0,1043,0.014877031441274124,0.014877031441274124,reach_stay_no_collision
0,1044,0.00525087009657086,0.00525087009657086,reach_stay_no_collision
0,1045,0.0073185645207301635,0.0073185645207301635,reach_stay_no_collision
0,1046,0.002381751385319302,0.002381751385319302,reach_stay_no_collision
0,1047,0.0052720443030556535,0.0052720443030556535,reach_stay_no_collision
0,1048,0.008578126873154499,0.008578126873154499,reach_stay_no_collision
0,1049,0.011709824774973388,0.011709824774973388,reach_stay_no_collision
0,1050,0.008045290386548023,0.008045290386548023,reach_stay_no_collision
0,1051,0.010048651748544246,0.010048651748544246,reach_stay_no_collision
0,1052,0.010537006461637282,0.010537006461637282,reach_stay_no_collision
0,1053,0.007034003503459528,0.007034003503459528,reach_stay_no_collision
0,1054,0.006919262681622015,0.006919262681622015,reach_stay_no_collision
0,1055,0.005621730333053233,0.005621730333053233,reach_stay_no_collision
0,1056,0.004185161448312574,0.004185161448312574,reach_stay_no_collision
0,1057,0.011504922614157139,0.011504922614157139,reach_stay_no_collision
0,1058,0.007958629688040644,0.007958629688040644,reach_stay_no_collision
0,1059,0.0095710518288726,0.0095710518288726,reach_stay_no_collision
0,1060,0.007885113877566213,0.007885113877566213,reach_stay_no_collision
0,1061,0.006258242910789653,0.006258242910789653,reach_stay_no_collision
0,1062,0.006911799966371486,0.006911799966371486,reach_stay_no_collision
0,1063,0.005482786562006195,0.005482786562006195,reach_stay_no_collision
0,1064,0.011463452926858766,0.011463452926858766,reach_stay_no_collision
0,1065,0.008191102317285894,0.008191102317285894,reach_stay_no_collision
0,1066,0.00833373241044813,0.00833373241044813,reach_stay_no_collision
0,1067,0.013026346780005565,0.013026346780005565,reach_stay_no_collision
0,1068,0.004947898315537741,0.004947898315537741,reach_stay_no_collision
0,1069,0.011653197362983158,0.011653197362983158,reach_stay_no_collision
0,1070,0.012249918812864743,0.012249918812864743,reach_stay_no_collision
0,1071,0.011293301936341819,0.011293301936341819,reach_stay_no_collision
0,1072,0.011638462235211987,0.011638462235211987,reach_stay_no_collision
0,1073,0.00667814942828459,0.00667814942828459,reach_stay_no_collision
0,1074,0.01239531981570741,0.01239531981570741,reach_stay_no_collision
0,1075,0.009983699335912342,0.009983699335912342,reach_stay_no_collision
0,1076,0.007312727234415509,0.007312727234415509,reach_stay_no_collision
0,1077,0.010521762820685999,0.010521762820685999,reach_stay_no_collision
0,1078,0.008718960941119784,0.008718960941119784,reach_stay_no_collision
0,1079,0.006062162866941261,0.006062162866941261,reach_stay_no_collision
0,1080,0.003933560799914186,0.003933560799914186,reach_stay_no_collision
0,1081,0.006197929351829921,0.006197929351829921,reach_stay_no_collision
0,1082,0.007533262170688303,0.007533262170688303,reach_stay_no_collision
0,1083,0.010747011777065909,0.010747011777065909,reach_stay_no_collision
0,1084,0.0075864916922677265,0.0075864916922677265,reach_stay_no_collision
0,1085,0.010770371465191733,0.010770371465191733,reach_stay_no_collision
0,1086,0.009641718456396914,0.009641718456396914,reach_stay_no_collision
0,1087,0.006701359533278859,0.006701359533278859,reach_stay_no_collision
0,1088,0.013078342552451935,0.013078342552451935,reach_stay_no_collision
0,1089,0.005921261177999616,0.005921261177999616,reach_stay_no_collision
0,1090,0.002667603228378723,0.002667603228378723,reach_stay_no_collision
0,1091,0.010816868036710878,0.010816868036710878,reach_stay_no_collision
0,1092,0.0100579150988351,0.0100579150988351,reach_stay_no_collision
0,1093,0.007877709732639536,0.007877709732639536,reach_stay_no_collision
0,1094,0.008568307090023628,0.008568307090023628,reach_stay_no_collision
0,1095,0.012406476059662472,0.012406476059662472,reach_stay_no_collision
0,1096,0.009865545204017584,0.009865545204017584,reach_stay_no_collision
0,1097,0.00853050426223037,0.00853050426223037,reach_stay_no_collision
0,1098,0.010344899402476584,0.010344899402476584,reach_stay_no_collision
0,1099,0.01654350486546964,0.01654350486546964,reach_stay_no_collision
0,1100,0.011478901658909132,0.011478901658909132,reach_stay_no_collision
0,1101,0.009302351855492004,0.009302351855492004,reach_stay_no_collision
0,1102,0.008179824944215638,0.008179824944215638,reach_stay_no_collision
0,1103,0.009203383587493865,0.009203383587493865,reach_stay_no_collision
0,1104,0.011057743170622289,0.011057743170622289,reach_stay_no_collision
0,1105,0.014740799198403303,0.014740799198403303,reach_stay_no_collision
0,1106,0.013492779073360005,0.013492779073360005,reach_stay_no_collision
0,1107,0.014355929306167338,0.014355929306167338,reach_stay_no_collision
0,1108,0.01066890126420646,0.01066890126420646,reach_stay_no_collision
0,1109,0.00954870172969145,0.00954870172969145,reach_stay_no_collision
0,1110,0.013068018387069637,0.013068018387069637,reach_stay_no_collision
0,1111,0.013453789733628322,0.013453789733628322,reach_stay_no_collision
0,1112,0.010609068683600498,0.010609068683600498,reach_stay_no_collision
0,1113,0.016334034192082028,0.016334034192082028,reach_stay_no_collision
0,1114,0.011453834396635333,0.011453834396635333,reach_stay_no_collision
0,1115,0.011838349101896014,0.011838349101896014,reach_stay_no_collision
0,1116,0.012914722446516747,0.012914722446516747,reach_stay_no_collision
0,1117,0.013769424502567327,0.013769424502567327,reach_stay_no_collision
0,1118,0.009457299088566573,0.009457299088566573,reach_stay_no_collision
0,1119,0.01830677737057666,0.01830677737057666,reach_stay_no_collision
0,1120,0.013059846696578285,0.013059846696578285,reach_stay_no_collision
0,1121,0.01169972830005227,0.01169972830005227,reach_stay_no_collision
0,1122,0.015151384353780478,0.015151384353780478,reach_stay_no_collision
0,1123,0.012288069986505458,0.012288069986505458,reach_stay_no_collision
0,1124,0.012417093512334663,0.012417093512334663,reach_stay_no_collision
0,1125,0.017599888585793436,0.017599888585793436,reach_stay_no_collision
0,1126,0.013894275723073848,0.013894275723073848,reach_stay_no_collision
0,1127,0.016707553582576504,0.016707553582576504,reach_stay_no_collision
0,1128,0.015663518138079008,0.015663518138079008,reach_stay_no_collision
0,1129,0.010183551220759854,0.010183551220759854,reach_stay_no_collision
0,1130,0.01428005360829989,0.01428005360829989,reach_stay_no_collision
0,1131,0.009476214625413799,0.009476214625413799,reach_stay_no_collision
0,1132,0.014731402440190416,0.014731402440190416,reach_stay_no_collision
0,1133,0.016306914607628262,0.016306914607628262,reach_stay_no_collision
0,1134,0.012679811172534364,0.012679811172534364,reach_stay_no_collision
0,1135,0.01682474110983897,0.01682474110983897,reach_stay_no_collision
0,1136,0.013275490524855363,0.013275490524855363,reach_stay_no_collision
0,1137,0.014624010619970155,0.014624010619970155,reach_stay_no_collision
0,1138,0.019061359658967485,0.019061359658967485,reach_stay_no_collision
0,1139,0.015521916228649724,0.015521916228649724,reach_stay_no_collision
0,1140,0.012949317921290652,0.012949317921290652,reach_stay_no_collision
0,1141,0.018938142536571455,0.018938142536571455,reach_stay_no_collision
0,1142,0.01494599256481199,0.01494599256481199,reach_stay_no_collision
0,1143,0.01280238376302574,0.01280238376302574,reach_stay_no_collision
0,1144,0.01662745711149416,0.01662745711149416,reach_stay_no_collision
0,1145,0.012938845979713301,0.012938845979713301,reach_stay_no_collision
0,1146,0.01579931931534301,0.01579931931534301,reach_stay_no_collision
0,1147,0.011896761511740909,0.011896761511740909,reach_stay_no_collision
0,1148,0.012012808698917321,0.012012808698917321,reach_stay_no_collision
0,1149,0.01310578405578636,0.01310578405578636,reach_stay_no_collision
0,1150,0.0180436337136346,0.0180436337136346,reach_stay_no_collision
0,1151,0.017070086954459735,0.017070086954459735,reach_stay_no_collision
0,1152,0.012550505547716088,0.012550505547716088,reach_stay_no_collision
0,1153,0.010271294375646996,0.010271294375646996,reach_stay_no_collision
0,1154,0.011082585453507461,0.011082585453507461,reach_stay_no_collision
0,1155,0.01738165956098326,0.01738165956098326,reach_stay_no_collision
0,1156,0.016400939866984612,0.016400939866984612,reach_stay_no_collision
0,1157,0.01569111509798409,0.01569111509798409,reach_stay_no_collision
0,1158,0.01670005467175231,0.01670005467175231,reach_stay_no_collision
0,1159,0.011643500544988663,0.011643500544988663,reach_stay_no_collision
0,1160,0.014072018204384404,0.014072018204384404,reach_stay_no_collision
0,1161,0.01567947503889875,0.01567947503889875,reach_stay_no_collision
0,1162,0.015577689177278635,0.015577689177278635,reach_stay_no_collision
0,1163,0.011492114787415124,0.011492114787415124,reach_stay_no_collision
0,1164,0.016067376739993113,0.016067376739993113,reach_stay_no_collision
0,1165,0.011417236377588083,0.011417236377588083,reach_stay_no_collision
0,1166,0.017566251314915595,0.017566251314915595,reach_stay_no_collision
0,1167,0.015111740269589152,0.015111740269589152,reach_stay_no_collision
0,1168,0.011891869670844848,0.011891869670844848,reach_stay_no_collision
0,1169,0.014099206790577735,0.014099206790577735,reach_stay_no_collision
0,1170,0.01545874866466019,0.01545874866466019,reach_stay_no_collision
0,1171,0.014174134081823307,0.014174134081823307,reach_stay_no_collision
0,1172,0.014030453712049421,0.014030453712049421,reach_stay_no_collision
0,1173,0.015915583159547518,0.015915583159547518,reach_stay_no_collision
0,1174,0.015035208181017548,0.015035208181017548,reach_stay_no_collision
0,1175,0.015981736224697392,0.015981736224697392,reach_stay_no_collision
0,1176,0.015310086871422098,0.015310086871422098,reach_stay_no_collision
0,1177,0.011340434339546821,0.011340434339546821,reach_stay_no_collision
0,1178,0.013768440776284339,0.013768440776284339,reach_stay_no_collision
0,1179,0.013059769280440808,0.013059769280440808,reach_stay_no_collision
0,1180,0.01533781087162853,0.01533781087162853,reach_stay_no_collision
0,1181,0.01396957281690114,0.01396957281690114,reach_stay_no_collision
0,1182,0.012807608904918538,0.012807608904918538,reach_stay_no_collision
0,1183,0.014025421628584282,0.014025421628584282,reach_stay_no_collision
0,1184,0.010744306094708212,0.010744306094708212,reach_stay_no_collision
0,1185,0.014740956267216755,0.014740956267216755,reach_stay_no_collision
0,1186,0.015551537411180174,0.015551537411180174,reach_stay_no_collision
0,1187,0.015271196957146172,0.015271196957146172,reach_stay_no_collision
0,1188,0.01506676575706158,0.01506676575706158,reach_stay_no_collision
0,1189,0.013133983106956595,0.013133983106956595,reach_stay_no_collision
0,1190,0.012770572272991991,0.012770572272991991,reach_stay_no_collision
0,1191,0.01575561002204801,0.01575561002204801,reach_stay_no_collision
0,1192,0.01316547213555028,0.01316547213555028,reach_stay_no_collision
0,1193,0.012096920197671949,0.012096920197671949,reach_stay_no_collision
0,1194,0.013369032957077951,0.013369032957077951,reach_stay_no_collision
0,1195,0.01118092558576056,0.01118092558576056,reach_stay_no_collision
0,1196,0.013983935318656285,0.013983935318656285,reach_stay_no_collision
0,1197,0.017046427209997928,0.017046427209997928,reach_stay_no_collision
0,1198,0.014336787348150037,0.014336787348150037,reach_stay_no_collision
0,1199,0.016228654748023475,0.016228654748023475,reach_stay_no_collision
0,1200,0.015826718699092978,0.015826718699092978,reach_stay_no_collision
0,1201,0.013208755840096783,0.013208755840096783,reach_stay_no_collision
0,1202,0.010843882615995414,0.010843882615995414,reach_stay_no_collision
0,1203,0.014219127173240947,0.014219127173240947,reach_stay_no_collision
0,1204,0.01574223679419067,0.01574223679419067,reach_stay_no_collision
0,1205,0.01647645522535811,0.01647645522535811,reach_stay_no_collision
0,1206,0.011762720571129405,0.011762720571129405,reach_stay_no_collision
