Environment,Episode,Boolean
0,0,1
2,0,1
7,0,1
11,0,1
10,0,1
1,0,1
7,1,1
9,0,1
4,0,1
7,2,1
3,0,1
5,0,0
6,0,0
8,0,0
11,1,1
7,3,1
0,1,0
2,1,0
11,2,1
7,4,1
10,1,0
9,1,1
1,1,0
9,2,1
0,2,1
4,1,0
3,1,0
5,1,0
6,1,0
8,1,0
4,2,1
10,2,1
8,2,1
9,3,1
2,2,0
10,3,1
6,2,1
11,3,0
7,5,1
1,2,0
1,3,1
6,3,1
9,4,1
2,3,1
0,3,0
4,3,1
7,6,1
5,2,1
7,7,1
3,2,0
4,4,1
6,4,1
3,3,1
8,3,0
2,4,1
9,5,1
1,4,1
11,4,1
10,4,0
9,6,1
1,5,1
8,4,1
2,5,1
0,4,0
2,6,1
5,3,0
8,5,1
3,4,1
7,8,0
8,6,1
4,5,0
2,7,1
7,9,1
6,5,0
8,7,1
10,5,1
3,5,1
5,4,1
11,5,0
8,8,1
9,7,0
1,6,1
5,5,1
10,6,1
0,5,1
4,6,1
7,10,1
1,7,1
5,6,1
9,8,1
1,8,1
3,6,1
11,6,1
7,11,1
6,6,1
9,9,1
5,7,1
4,7,1
9,10,1
10,7,1
2,8,1
11,7,1
0,6,1
1,9,1
3,7,1
9,11,1
11,8,1
2,9,1
4,8,1
5,8,1
9,12,1
8,9,1
0,7,1
3,8,1
6,7,1
11,9,1
10,8,1
2,10,1
7,12,1
6,8,1
5,9,1
9,13,1
4,9,1
10,9,1
3,9,1
2,11,1
11,10,1
7,13,1
9,14,1
2,12,1
1,10,0
10,10,1
7,14,1
6,9,1
5,10,1
2,13,1
9,15,1
11,11,1
3,10,1
8,10,0
0,8,0
1,11,1
5,11,1
7,15,1
2,14,1
10,11,1
9,16,1
1,12,1
4,10,1
7,16,1
9,17,1
2,15,1
3,11,1
1,13,1
5,12,1
8,11,1
3,12,1
10,12,1
1,14,1
0,9,1
7,17,1
5,13,1
8,12,1
2,16,1
9,18,1
1,15,1
0,10,1
11,12,1
6,10,0
6,11,1
0,11,1
5,14,1
8,13,1
4,11,1
11,13,1
1,16,1
8,14,1
9,19,1
4,12,1
10,13,1
2,17,1
0,12,1
5,15,1
11,14,1
2,18,1
10,14,1
9,20,1
3,13,0
11,15,1
7,18,0
3,14,1
8,15,1
11,16,1
6,12,1
9,21,1
10,15,1
2,19,1
5,16,1
3,15,1
0,13,1
6,13,1
1,17,1
11,17,1
9,22,1
6,14,1
4,13,0
8,16,1
7,19,1
1,18,1
3,16,1
8,17,1
9,23,1
2,20,1
6,15,1
4,14,1
10,16,0
1,19,1
5,17,0
6,16,1
11,18,1
8,18,1
0,14,0
7,20,0
2,21,1
3,17,0
9,24,1
6,17,1
3,18,1
1,20,1
4,15,1
3,19,1
6,18,1
9,25,1
8,19,1
11,19,1
3,20,1
10,17,0
0,15,1
0,16,1
11,20,1
5,18,0
6,19,1
10,18,1
7,21,0
2,22,0
4,16,1
1,21,0
7,22,1
9,26,0
8,20,1
3,21,0
0,17,0
11,21,0
5,19,0
6,20,1
4,17,1
7,23,1
10,19,0
5,20,1
1,22,1
10,20,1
2,23,0
4,18,1
9,27,0
8,21,0
3,22,0
0,18,0
11,22,0
6,21,0
9,28,1
10,21,1
7,24,0
5,21,0
1,23,0
2,24,0
4,19,0
8,22,0
3,23,0
0,19,0
11,23,0
6,22,0
9,29,0
10,22,0
11,24,1
7,25,0
5,22,0
1,24,0
2,25,0
4,20,0
8,23,0
3,24,0
9,30,1
0,20,0
6,23,0
10,23,0
11,25,0
7,26,0
5,23,0
1,25,0
8,24,1
2,26,0
4,21,0
6,24,1
3,25,0
9,31,0
0,21,0
10,24,0
11,26,0
7,27,0
5,24,0
1,26,0
8,25,0
2,27,0
4,22,0
6,25,0
3,26,0
9,32,0
0,22,0
10,25,0
5,25,1
11,27,0
6,26,1
7,28,0
1,27,0
8,26,0
2,28,0
4,23,0
3,27,0
9,33,0
0,23,0
10,26,0
5,26,0
11,28,0
6,27,0
7,29,0
1,28,0
8,27,0
2,29,0
4,24,0
3,28,0
9,34,0
0,24,0
10,27,0
5,27,0
11,29,0
6,28,0
7,30,0
1,29,0
8,28,0
2,30,0
4,25,0
3,29,0
9,35,0
0,25,0
10,28,0
5,28,0
11,30,0
6,29,0
7,31,0
8,29,1
1,30,0
2,31,0
4,26,0
5,29,1
3,30,0
9,36,0
0,26,0
11,31,1
10,29,0
11,32,1
6,30,0
7,32,0
8,30,0
1,31,0
2,32,0
4,27,0
3,31,1
5,30,0
4,28,1
9,37,0
0,27,0
10,30,0
11,33,0
6,31,0
7,33,0
8,31,0
1,32,0
2,33,0
3,32,0
5,31,0
4,29,0
9,38,0
0,28,0
10,31,1
11,34,0
6,32,0
7,34,0
4,30,1
8,32,0
1,33,0
2,34,0
0,29,1
3,33,0
5,32,0
10,32,1
9,39,0
11,35,0
6,33,0
7,35,0
4,31,0
8,33,0
1,34,0
7,36,1
9,40,1
2,35,0
0,30,0
3,34,0
5,33,0
6,34,1
10,33,0
11,36,1
4,32,0
8,34,0
4,33,1
1,35,0
7,37,0
9,41,0
2,36,0
0,31,0
3,35,0
5,34,0
8,35,1
6,35,0
8,36,1
2,37,1
7,38,1
10,34,0
4,34,1
11,37,0
9,42,1
11,38,1
9,43,1
9,44,1
10,35,1
2,38,1
3,36,1
1,36,0
10,36,1
0,32,0
5,35,0
9,45,1
6,36,0
11,39,1
8,37,0
7,39,0
9,46,1
4,35,0
6,37,1
11,40,1
0,33,1
8,38,1
5,36,1
4,36,1
2,39,0
3,37,0
1,37,0
10,37,0
6,38,1
6,39,1
8,39,1
2,40,1
7,40,0
9,47,0
1,38,1
9,48,1
11,41,0
9,49,1
0,34,0
5,37,0
9,50,1
4,37,0
3,38,0
10,38,1
5,38,1
9,51,1
11,42,1
3,39,1
0,35,1
1,39,1
6,40,0
8,40,0
11,43,1
9,52,1
2,41,0
7,41,1
1,40,1
10,39,1
5,39,1
8,41,1
9,53,1
4,38,0
3,40,0
0,36,0
4,39,1
7,42,1
6,41,0
11,44,0
2,42,0
1,41,0
5,40,1
9,54,1
10,40,0
7,43,1
2,43,1
6,42,1
1,42,1
8,42,0
7,44,1
5,41,1
8,43,1
4,40,1
3,41,0
0,37,0
11,45,0
9,55,1
4,41,1
7,45,1
10,41,0
5,42,1
2,44,1
7,46,1
6,43,0
4,42,1
1,43,0
8,44,1
3,42,1
0,38,1
9,56,1
6,44,1
1,44,1
1,45,1
11,46,0
6,45,1
9,57,1
10,42,0
5,43,1
11,47,1
2,45,0
7,47,0
4,43,0
8,45,0
2,46,1
3,43,0
10,43,1
11,48,1
2,47,1
0,39,0
1,46,1
9,58,1
10,44,1
8,46,1
8,47,1
7,48,1
6,46,0
5,44,0
9,59,1
4,44,0
3,44,1
1,47,1
11,49,0
2,48,0
0,40,0
7,49,1
1,48,1
3,45,1
1,49,1
10,45,0
0,41,1
11,50,1
8,48,0
1,50,1
6,47,0
10,46,1
7,50,1
4,45,1
1,51,1
9,60,1
5,45,0
5,46,1
10,47,1
2,49,1
0,42,1
4,46,1
8,49,1
0,43,1
3,46,0
9,61,1
6,48,1
11,51,0
10,48,1
8,50,1
1,52,1
5,47,1
7,51,0
9,62,1
6,49,1
2,50,1
0,44,1
5,48,1
9,63,1
2,51,1
7,52,1
7,53,1
4,47,0
0,45,1
10,49,1
1,53,1
3,47,0
11,52,0
0,46,1
1,54,1
10,50,1
10,51,1
8,51,1
9,64,1
11,53,1
10,52,1
1,55,1
6,50,0
9,65,1
7,54,1
0,47,1
0,48,1
3,48,1
2,52,1
8,52,1
11,54,1
5,49,0
1,56,1
10,53,1
0,49,1
8,53,1
1,57,1
2,53,1
4,48,0
9,66,1
5,50,1
7,55,1
5,51,1
3,49,1
6,51,1
5,52,1
8,54,1
9,67,1
1,58,1
5,53,1
10,54,1
4,49,1
9,68,1
7,56,1
0,50,1
6,52,1
4,50,1
2,54,1
3,50,1
11,55,0
1,59,1
6,53,1
4,51,1
6,54,1
1,60,1
5,54,1
7,57,1
2,55,1
1,61,1
6,55,1
7,58,1
2,56,1
8,55,0
0,51,1
7,59,1
3,51,1
9,69,1
9,70,1
10,55,0
5,55,1
3,52,1
11,56,1
5,56,1
4,52,1
6,56,1
4,53,1
8,56,1
4,54,1
2,57,1
9,71,1
9,72,1
4,55,1
11,57,1
8,57,1
0,52,1
2,58,1
10,56,1
2,59,1
7,60,1
5,57,1
1,62,0
2,60,1
8,58,1
3,53,1
4,56,1
11,58,1
0,53,1
2,61,1
10,57,1
3,54,1
4,57,1
1,63,1
2,62,1
8,59,1
7,61,1
2,63,1
7,62,1
11,59,1
1,64,1
8,60,1
11,60,1
6,57,0
6,58,1
2,64,1
3,55,1
0,54,1
10,58,1
2,65,1
7,63,1
10,59,1
3,56,1
9,73,0
8,61,1
4,58,1
0,55,1
11,61,1
2,66,1
11,62,1
0,56,1
6,59,1
5,58,1
9,74,1
3,57,1
5,59,1
1,65,1
3,58,1
0,57,1
4,59,1
0,58,1
9,75,1
10,60,1
4,60,1
11,63,1
6,60,1
9,76,1
4,61,1
1,66,1
3,59,1
7,64,1
5,60,1
0,59,1
8,62,1
2,67,1
7,65,1
8,63,1
8,64,1
4,62,1
9,77,1
8,65,1
11,64,1
2,68,1
5,61,1
9,78,1
3,60,1
2,69,1
11,65,1
1,67,1
8,66,1
7,66,1
10,61,1
1,68,1
6,61,1
0,60,1
9,79,1
10,62,1
8,67,1
4,63,1
7,67,1
9,80,1
8,68,1
6,62,1
1,69,1
10,63,1
8,69,1
3,61,1
4,64,1
6,63,1
7,68,1
10,64,1
7,69,1
6,64,1
5,62,1
8,70,1
6,65,1
8,71,1
5,63,1
4,65,1
9,81,1
7,70,1
2,70,0
11,66,0
9,82,1
1,70,1
5,64,1
8,72,1
0,61,1
9,83,1
7,71,1
2,71,1
11,67,1
9,84,1
8,73,1
2,72,1
4,66,1
3,62,0
8,74,1
3,63,1
10,65,0
3,64,1
7,72,1
1,71,1
1,72,1
0,62,1
11,68,1
8,75,1
6,66,0
11,69,1
10,66,1
4,67,1
3,65,1
0,63,1
4,68,1
9,85,1
5,65,0
1,73,1
6,67,1
11,70,1
0,64,1
2,73,1
4,69,1
8,76,1
7,73,1
4,70,1
9,86,1
9,87,1
8,77,1
11,71,1
6,68,1
3,66,1
2,74,1
4,71,1
10,67,1
5,66,1
9,88,1
3,67,1
4,72,1
2,75,1
5,67,1
9,89,1
0,65,1
3,68,1
7,74,1
2,76,1
6,69,1
11,72,1
1,74,1
5,68,1
3,69,1
6,70,1
7,75,1
1,75,1
4,73,1
6,71,1
1,76,1
5,69,1
4,74,1
2,77,1
10,68,1
4,75,1
8,78,1
0,66,1
6,72,1
11,73,1
9,90,1
5,70,1
9,91,1
10,69,1
7,76,1
4,76,1
1,77,1
7,77,1
10,70,1
2,78,1
8,79,1
9,92,1
5,71,1
3,70,1
0,67,1
8,80,1
10,71,1
6,73,1
3,71,1
1,78,1
4,77,1
9,93,1
7,78,1
10,72,1
8,81,1
0,68,1
1,79,1
2,79,1
10,73,1
0,69,1
6,74,1
7,79,1
10,74,1
5,72,1
0,70,1
1,80,1
3,72,1
2,80,1
7,80,1
9,94,1
1,81,1
11,74,0
10,75,1
6,75,1
2,81,1
3,73,1
11,75,1
7,81,1
6,76,1
1,82,1
3,74,1
3,75,1
11,76,1
1,83,1
4,78,1
10,76,1
2,82,1
5,73,1
3,76,1
3,77,1
10,77,1
7,82,1
8,82,1
3,78,1
5,74,1
6,77,1
5,75,1
5,76,1
2,83,1
8,83,1
0,71,1
10,78,1
9,95,1
2,84,1
5,77,1
10,79,1
3,79,1
11,77,1
4,79,1
7,83,1
11,78,1
4,80,1
11,79,1
3,80,1
0,72,1
6,78,1
5,78,1
5,79,1
7,84,1
6,79,1
9,96,1
11,80,1
6,80,1
6,81,1
9,97,1
7,85,1
11,81,1
0,73,1
11,82,1
3,81,1
2,85,1
7,86,1
1,84,0
0,74,1
9,98,1
6,82,1
11,83,1
9,99,1
9,100,1
4,81,1
0,75,1
3,82,1
10,80,1
1,85,1
8,84,0
3,83,1
4,82,1
2,86,1
11,84,1
6,83,1
8,85,1
9,101,1
10,81,1
5,80,1
6,84,1
6,85,1
8,86,1
10,82,1
6,86,1
7,87,1
10,83,1
5,81,1
8,87,1
2,87,1
11,85,1
9,102,1
3,84,1
3,85,1
9,103,1
10,84,1
11,86,1
7,88,1
11,87,1
8,88,1
0,76,1
0,77,1
2,88,1
10,85,1
7,89,1
6,87,1
0,78,1
11,88,1
7,90,1
7,91,1
1,86,1
11,89,1
1,87,1
8,89,1
0,79,1
11,90,1
5,82,1
4,83,1
2,89,1
4,84,1
9,104,1
5,83,1
8,90,1
4,85,1
11,91,1
7,92,1
9,105,1
9,106,1
10,86,1
5,84,1
9,107,1
1,88,1
11,92,1
2,90,1
7,93,1
3,86,0
0,80,1
4,86,1
8,91,1
1,89,1
3,87,1
9,108,1
2,91,1
3,88,1
1,90,1
6,88,0
5,85,1
7,94,1
8,92,1
1,91,1
5,86,1
4,87,1
8,93,1
11,93,1
8,94,1
8,95,1
11,94,1
4,88,1
2,92,1
5,87,1
6,89,1
7,95,1
1,92,1
5,88,1
10,87,1
3,89,1
7,96,1
9,109,1
8,96,1
0,81,1
2,93,1
7,97,1
2,94,1
8,97,1
7,98,1
6,90,1
3,90,1
9,110,1
11,95,1
11,96,1
1,93,1
5,89,1
9,111,1
10,88,1
10,89,1
0,82,1
9,112,1
7,99,1
8,98,1
4,89,1
1,94,1
7,100,1
8,99,1
5,90,1
4,90,1
6,91,1
1,95,1
7,101,1
11,97,1
1,96,1
11,98,1
8,100,1
10,90,1
9,113,1
11,99,1
7,102,1
6,92,1
4,91,1
5,91,1
4,92,1
9,114,1
3,91,1
5,92,1
6,93,1
0,83,1
8,101,1
6,94,1
7,103,1
6,95,1
9,115,1
10,91,1
3,92,1
8,102,1
6,96,1
4,93,1
10,92,1
0,84,1
5,93,1
7,104,1
2,95,1
0,85,1
7,105,1
0,86,1
10,93,1
9,116,1
1,97,1
8,103,1
2,96,1
3,93,1
5,94,1
11,100,1
2,97,1
0,87,1
11,101,1
8,104,1
7,106,1
10,94,1
1,98,1
5,95,1
11,102,1
4,94,1
9,117,1
8,105,1
4,95,1
10,95,1
7,107,1
8,106,1
2,98,1
7,108,1
6,97,1
2,99,1
1,99,1
7,109,1
1,100,1
6,98,1
8,107,1
9,118,1
4,96,1
7,110,1
9,119,1
1,101,1
2,100,1
11,103,1
2,101,1
7,111,1
1,102,1
3,94,1
7,112,1
1,103,1
3,95,1
5,96,1
10,96,1
6,99,1
10,97,1
4,97,1
9,120,1
7,113,1
7,114,1
9,121,1
6,100,1
11,104,1
0,88,1
6,101,1
2,102,1
1,104,1
4,98,1
8,108,1
7,115,1
6,102,1
0,89,1
7,116,1
3,96,1
4,99,1
11,105,1
11,106,1
4,100,1
3,97,1
11,107,1
2,103,1
5,97,1
1,105,1
3,98,1
11,108,1
11,109,1
4,101,1
0,90,1
8,109,1
11,110,1
0,91,1
2,104,1
10,98,1
7,117,1
10,99,1
0,92,1
7,118,1
5,98,1
7,119,1
11,111,1
9,122,1
8,110,1
4,102,1
3,99,1
11,112,1
6,103,1
9,123,1
11,113,1
7,120,1
4,103,1
3,100,1
9,124,1
5,99,1
4,104,1
2,105,1
5,100,1
8,111,1
2,106,1
7,121,1
8,112,1
1,106,1
4,105,1
10,100,1
1,107,1
2,107,1
6,104,1
1,108,1
5,101,1
3,101,1
7,122,1
2,108,1
3,102,1
8,113,1
10,101,1
9,125,1
8,114,1
11,114,1
3,103,1
9,126,1
2,109,1
6,105,1
11,115,1
9,127,1
10,102,1
4,106,1
6,106,1
3,104,1
10,103,1
0,93,1
11,116,1
10,104,1
1,109,1
7,123,1
2,110,1
3,105,1
8,115,1
11,117,1
10,105,1
11,118,1
0,94,1
9,128,1
1,110,1
8,116,1
6,107,1
4,107,1
9,129,1
4,108,1
6,108,1
11,119,1
2,111,1
10,106,1
5,102,1
9,130,1
10,107,1
6,109,1
10,108,1
11,120,1
10,109,1
3,106,1
4,109,1
7,124,1
5,103,1
2,112,1
7,125,1
3,107,1
0,95,1
5,104,1
1,111,1
11,121,1
8,117,1
5,105,1
1,112,1
3,108,1
10,110,1
8,118,1
5,106,1
2,113,1
11,122,1
0,96,1
7,126,1
4,110,1
0,97,1
1,113,1
4,111,1
8,119,1
10,111,1
2,114,1
7,127,1
1,114,1
2,115,1
1,115,1
3,109,1
9,131,1
2,116,1
1,116,1
11,123,1
11,124,1
5,107,1
8,120,1
11,125,1
3,110,1
4,112,1
5,108,1
7,128,1
11,126,1
3,111,1
1,117,1
7,129,1
5,109,1
4,113,1
6,110,1
4,114,1
2,117,1
11,127,1
0,98,1
5,110,1
9,132,1
2,118,1
4,115,1
9,133,1
0,99,1
8,121,1
2,119,1
6,111,1
11,128,1
8,122,1
3,112,1
9,134,1
8,123,1
6,112,1
7,130,1
10,112,1
9,135,1
3,113,1
1,118,1
7,131,1
10,113,1
4,116,1
1,119,1
7,132,1
11,129,1
4,117,1
5,111,1
10,114,1
11,130,1
3,114,1
0,100,1
7,133,1
8,124,1
4,118,1
11,131,1
7,134,1
10,115,1
0,101,1
3,115,1
4,119,1
7,135,1
7,136,1
5,112,1
0,102,1
4,120,1
4,121,1
10,116,1
3,116,1
11,132,1
4,122,1
5,113,1
6,113,1
11,133,1
0,103,1
3,117,1
8,125,1
8,126,1
5,114,1
6,114,1
10,117,1
2,120,1
1,120,1
5,115,1
7,137,1
4,123,1
8,127,1
4,124,1
9,136,1
4,125,1
2,121,1
9,137,1
8,128,1
7,138,1
1,121,1
2,122,1
0,104,1
11,134,1
1,122,1
3,118,1
11,135,1
2,123,1
5,116,1
3,119,1
8,129,1
5,117,1
11,136,1
1,123,1
11,137,1
2,124,1
10,118,1
8,130,1
2,125,1
0,105,1
3,120,1
0,106,1
1,124,1
6,115,1
4,126,1
9,138,1
3,121,1
5,118,1
10,119,1
1,125,1
5,119,1
0,107,1
2,126,1
5,120,1
3,122,1
6,116,1
8,131,1
9,139,1
3,123,1
1,126,1
4,127,1
7,139,1
7,140,1
2,127,1
10,120,1
5,121,1
2,128,1
11,138,1
3,124,1
6,117,1
8,132,1
7,141,1
8,133,1
2,129,1
5,122,1
3,125,1
10,121,1
8,134,1
2,130,1
10,122,1
1,127,1
11,139,1
9,140,1
0,108,1
5,123,1
5,124,1
11,140,1
9,141,1
7,142,1
8,135,1
4,128,1
2,131,1
6,118,1
9,142,1
1,128,1
1,129,1
6,119,1
0,109,1
9,143,1
3,126,1
7,143,1
10,123,1
1,130,1
9,144,1
4,129,1
11,141,1
2,132,1
3,127,1
1,131,1
10,124,1
1,132,1
10,125,1
0,110,1
5,125,1
9,145,1
6,120,1
4,130,1
10,126,1
2,133,1
8,136,1
11,142,1
4,131,1
0,111,1
9,146,1
0,112,1
11,143,1
2,134,1
7,144,1
10,127,1
11,144,1
7,145,1
6,121,1
9,147,1
3,128,1
5,126,1
8,137,1
4,132,1
6,122,1
1,133,1
6,123,1
9,148,1
0,113,1
3,129,1
9,149,1
5,127,1
0,114,1
7,146,1
1,134,1
5,128,1
11,145,1
3,130,1
4,133,1
11,146,1
5,129,1
6,124,1
5,130,1
10,128,1
11,147,1
4,134,1
1,135,1
6,125,1
8,138,1
10,129,1
4,135,1
3,131,1
8,139,1
1,136,1
5,131,1
9,150,1
1,137,1
6,126,1
6,127,1
6,128,1
8,140,1
10,130,1
0,115,1
8,141,1
9,151,1
10,131,1
5,132,1
10,132,1
7,147,1
9,152,1
1,138,1
4,136,1
5,133,1
3,132,1
0,116,1
5,134,1
2,135,1
5,135,1
10,133,1
0,117,1
7,148,1
2,136,1
8,142,1
9,153,1
4,137,1
2,137,1
6,129,1
4,138,1
0,118,1
3,133,1
4,139,1
0,119,1
11,148,1
6,130,1
11,149,1
2,138,1
1,139,1
3,134,1
2,139,1
10,134,1
11,150,1
7,149,1
9,154,1
3,135,1
4,140,1
11,151,1
2,140,1
7,150,1
6,131,1
6,132,1
1,140,1
11,152,1
5,136,1
6,133,1
1,141,1
1,142,1
2,141,1
6,134,1
1,143,1
0,120,1
4,141,1
6,135,1
8,143,1
10,135,1
7,151,1
5,137,1
10,136,1
1,144,1
8,144,1
2,142,1
5,138,1
10,137,1
9,155,1
6,136,1
2,143,1
7,152,1
6,137,1
7,153,1
7,154,1
4,142,1
7,155,1
6,138,1
6,139,1
1,145,1
10,138,1
9,156,1
4,143,1
10,139,1
5,139,1
3,136,1
6,140,1
2,144,1
4,144,1
2,145,1
11,153,1
9,157,1
0,121,1
7,156,1
6,141,1
3,137,1
9,158,1
3,138,1
11,154,1
7,157,1
11,155,1
11,156,1
6,142,1
4,145,1
7,158,1
1,146,1
6,143,1
9,159,1
7,159,1
5,140,1
6,144,1
7,160,1
11,157,1
8,145,1
5,141,1
2,146,1
10,140,1
0,122,1
6,145,1
7,161,1
3,139,1
1,147,1
5,142,1
2,147,1
6,146,1
0,123,1
9,160,1
11,158,1
5,143,1
6,147,1
7,162,1
3,140,1
5,144,1
8,146,1
9,161,1
5,145,1
0,124,1
2,148,1
10,141,1
2,149,1
10,142,1
7,163,1
5,146,1
1,148,1
6,148,1
11,159,1
3,141,1
0,125,1
9,162,1
11,160,1
0,126,1
3,142,1
10,143,1
5,147,1
6,149,1
7,164,1
1,149,1
2,150,1
4,146,1
1,150,1
10,144,1
6,150,1
2,151,1
11,161,1
7,165,1
2,152,1
2,153,1
3,143,1
5,148,1
8,147,1
11,162,1
10,145,1
5,149,1
9,163,1
3,144,1
4,147,1
5,150,1
10,146,1
11,163,1
8,148,1
6,151,1
3,145,1
2,154,1
4,148,1
2,155,1
8,149,1
8,150,1
7,166,1
2,156,1
8,151,1
9,164,1
2,157,1
6,152,1
9,165,1
1,151,1
4,149,1
7,167,1
0,127,1
1,152,1
3,146,1
11,164,1
9,166,1
2,158,1
4,150,1
0,128,1
8,152,1
2,159,1
4,151,1
2,160,1
4,152,1
8,153,1
0,129,1
2,161,1
11,165,1
4,153,1
0,130,1
7,168,1
6,153,1
9,167,1
11,166,1
11,167,1
2,162,1
7,169,1
9,168,1
2,163,1
4,154,1
7,170,1
9,169,1
2,164,1
8,154,1
6,154,1
9,170,1
1,153,1
10,147,1
10,148,1
4,155,1
2,165,1
11,168,1
4,156,1
8,155,1
4,157,1
8,156,1
5,151,1
11,169,1
1,154,1
4,158,1
3,147,1
3,148,1
4,159,1
8,157,1
11,170,1
9,171,1
7,171,1
8,158,1
0,131,1
11,171,1
1,155,1
9,172,1
1,156,1
0,132,1
3,149,1
10,149,1
2,166,1
8,159,1
1,157,1
4,160,1
6,155,1
7,172,1
5,152,1
3,150,1
1,158,1
2,167,1
2,168,1
11,172,1
7,173,1
8,160,1
9,173,1
0,133,1
1,159,1
9,174,1
4,161,1
6,156,1
8,161,1
5,153,1
8,162,1
11,173,1
0,134,1
10,150,1
4,162,1
10,151,1
11,174,1
7,174,1
5,154,1
5,155,1
9,175,1
9,176,1
1,160,1
5,156,1
2,169,1
9,177,1
11,175,1
10,152,1
3,151,1
0,135,1
1,161,1
3,152,1
0,136,1
11,176,1
1,162,1
1,163,1
9,178,1
3,153,1
7,175,1
8,163,1
4,163,1
6,157,1
0,137,1
1,164,1
10,153,1
6,158,1
7,176,1
5,157,1
9,179,1
10,154,1
6,159,1
10,155,1
9,180,1
0,138,1
9,181,1
3,154,1
10,156,1
6,160,1
1,165,1
1,166,1
2,170,1
8,164,1
0,139,1
8,165,1
0,140,1
6,161,1
0,141,1
1,167,1
4,164,1
0,142,1
11,177,1
10,157,1
2,171,1
4,165,1
7,177,1
0,143,1
6,162,1
7,178,1
3,155,1
1,168,1
9,182,1
2,172,1
3,156,1
8,166,1
11,178,1
9,183,1
10,158,1
0,144,1
5,158,1
1,169,1
5,159,1
7,179,1
8,167,1
4,166,1
11,179,1
1,170,1
10,159,1
7,180,1
0,145,1
11,180,1
2,173,1
1,171,1
8,168,1
1,172,1
10,160,1
0,146,1
7,181,1
1,173,1
4,167,1
5,160,1
2,174,1
0,147,1
8,169,1
3,157,1
11,181,1
10,161,1
0,148,1
7,182,1
2,175,1
6,163,1
7,183,1
2,176,1
9,184,1
7,184,1
6,164,1
10,162,1
3,158,1
6,165,1
3,159,1
4,168,1
0,149,1
3,160,1
5,161,1
1,174,1
10,163,1
7,185,1
0,150,1
5,162,1
2,177,1
6,166,1
1,175,1
3,161,1
9,185,1
0,151,1
9,186,1
6,167,1
8,170,1
9,187,1
6,168,1
1,176,1
6,169,1
0,152,1
9,188,1
4,169,1
8,171,1
5,163,1
6,170,1
10,164,1
4,170,1
0,153,1
7,186,1
6,171,1
10,165,1
2,178,1
8,172,1
7,187,1
6,172,1
3,162,1
5,164,1
9,189,1
1,177,1
2,179,1
7,188,1
5,165,1
9,190,1
3,163,1
1,178,1
7,189,1
8,173,1
9,191,1
3,164,1
3,165,1
4,171,1
11,182,1
4,172,1
11,183,1
1,179,1
1,180,1
8,174,1
1,181,1
1,182,1
9,192,1
4,173,1
2,180,1
6,173,1
5,166,1
11,184,1
2,181,1
1,183,1
3,166,1
11,185,1
2,182,1
7,190,1
9,193,1
5,167,1
7,191,1
9,194,1
10,166,1
4,174,1
8,175,1
0,154,1
8,176,1
6,174,1
1,184,1
0,155,1
9,195,1
8,177,1
1,185,1
5,168,1
6,175,1
0,156,1
2,183,1
7,192,1
2,184,1
6,176,1
11,186,1
0,157,1
0,158,1
11,187,1
6,177,1
0,159,1
6,178,1
10,167,1
8,178,1
5,169,1
10,168,1
8,179,1
5,170,1
7,193,1
0,160,1
5,171,1
10,169,1
8,180,1
7,194,1
7,195,1
9,196,1
2,185,1
4,175,1
8,181,1
11,188,1
3,167,1
4,176,1
6,179,1
1,186,1
4,177,1
6,180,1
8,182,1
9,197,1
10,170,1
3,168,1
10,171,1
8,183,1
9,198,1
7,196,1
11,189,1
2,186,1
0,161,1
1,187,1
10,172,1
1,188,1
7,197,1
9,199,1
0,162,1
8,184,1
5,172,1
4,178,1
1,189,1
0,163,1
11,190,1
8,185,1
2,187,1
5,173,1
10,173,1
10,174,1
11,191,1
5,174,1
6,181,1
11,192,1
8,186,1
9,200,1
8,187,1
1,190,1
9,201,1
2,188,1
10,175,1
3,169,1
5,175,1
6,182,1
9,202,1
5,176,1
11,193,1
5,177,1
2,189,1
6,183,1
5,178,1
7,198,1
2,190,1
6,184,1
1,191,1
10,176,1
9,203,1
6,185,1
7,199,1
4,179,1
10,177,1
6,186,1
3,170,1
8,188,1
1,192,1
9,204,1
7,200,1
10,178,1
8,189,1
6,187,1
3,171,1
4,180,1
10,179,1
1,193,1
9,205,1
4,181,1
6,188,1
1,194,1
9,206,1
3,172,1
4,182,1
2,191,1
1,195,1
3,173,1
8,190,1
5,179,1
9,207,1
8,191,1
5,180,1
8,192,1
9,208,1
10,180,1
8,193,1
4,183,1
10,181,1
3,174,1
5,181,1
2,192,1
11,194,1
3,175,1
5,182,1
11,195,1
8,194,1
6,189,1
11,196,1
3,176,1
7,201,1
9,209,1
10,182,1
4,184,1
11,197,1
3,177,1
6,190,1
8,195,1
5,183,1
3,178,1
1,196,1
1,197,1
5,184,1
4,185,1
8,196,1
1,198,1
10,183,1
0,164,0
4,186,1
11,198,1
7,202,1
0,165,1
4,187,1
9,210,1
7,203,1
3,179,1
5,185,1
1,199,1
7,204,1
10,184,1
1,200,1
6,191,1
4,188,1
8,197,1
5,186,1
9,211,1
1,201,1
3,180,1
1,202,1
3,181,1
8,198,1
4,189,1
2,193,1
1,203,1
3,182,1
2,194,1
0,166,1
11,199,1
3,183,1
5,187,1
0,167,1
7,205,1
8,199,1
1,204,1
10,185,1
6,192,1
10,186,1
1,205,1
6,193,1
11,200,1
5,188,1
7,206,1
9,212,1
11,201,1
2,195,1
3,184,1
0,168,1
7,207,1
9,213,1
11,202,1
7,208,1
10,187,1
2,196,1
6,194,1
3,185,1
11,203,1
3,186,1
7,209,1
8,200,1
2,197,1
7,210,1
3,187,1
4,190,1
10,188,1
0,169,1
6,195,1
1,206,1
0,170,1
11,204,1
3,188,1
9,214,1
3,189,1
6,196,1
7,211,1
1,207,1
6,197,1
4,191,1
7,212,1
8,201,1
1,208,1
10,189,1
9,215,1
5,189,1
2,198,1
0,171,1
5,190,1
2,199,1
4,192,1
1,209,1
11,205,1
5,191,1
6,198,1
0,172,1
4,193,1
8,202,1
9,216,1
7,213,1
1,210,1
3,190,1
0,173,1
4,194,1
6,199,1
9,217,1
10,190,1
3,191,1
11,206,1
7,214,1
2,200,1
3,192,1
6,200,1
3,193,1
8,203,1
9,218,1
11,207,1
8,204,1
2,201,1
0,174,1
4,195,1
1,211,1
7,215,1
2,202,1
7,216,1
3,194,1
8,205,1
7,217,1
3,195,1
3,196,1
9,219,1
11,208,1
5,192,1
10,191,1
0,175,1
3,197,1
2,203,1
4,196,1
5,193,1
3,198,1
6,201,1
8,206,1
7,218,1
1,212,1
10,192,1
7,219,1
2,204,1
5,194,1
1,213,1
10,193,1
3,199,1
2,205,1
5,195,1
1,214,1
0,176,1
1,215,1
11,209,1
10,194,1
8,207,1
9,220,1
0,177,1
4,197,1
8,208,1
0,178,1
5,196,1
1,216,1
7,220,1
8,209,1
3,200,1
7,221,1
8,210,1
6,202,1
4,198,1
6,203,1
10,195,1
11,210,1
9,221,1
8,211,1
5,197,1
11,211,1
2,206,1
4,199,1
1,217,1
2,207,1
6,204,1
9,222,1
4,200,1
7,222,1
6,205,1
0,179,1
11,212,1
5,198,1
6,206,1
0,180,1
5,199,1
10,196,1
8,212,1
2,208,1
9,223,1
3,201,1
9,224,1
10,197,1
11,213,1
9,225,1
4,201,1
10,198,1
3,202,1
11,214,1
9,226,1
10,199,1
6,207,1
8,213,1
7,223,1
0,181,1
9,227,1
6,208,1
10,200,1
8,214,1
6,209,1
10,201,1
5,200,1
4,202,1
8,215,1
11,215,1
6,210,1
5,201,1
10,202,1
7,224,1
9,228,1
11,216,1
5,202,1
9,229,1
3,203,1
8,216,1
3,204,1
8,217,1
4,203,1
10,203,1
9,230,1
3,205,1
0,182,1
10,204,1
3,206,1
9,231,1
10,205,1
11,217,1
0,183,1
3,207,1
11,218,1
1,218,1
0,184,1
0,185,1
6,211,1
9,232,1
0,186,1
10,206,1
0,187,1
8,218,1
2,209,1
7,225,1
8,219,1
5,203,1
10,207,1
6,212,1
1,219,1
7,226,1
2,210,1
4,204,1
1,220,1
7,227,1
2,211,1
9,233,1
10,208,1
3,208,1
6,213,1
3,209,1
6,214,1
9,234,1
3,210,1
6,215,1
9,235,1
6,216,1
10,209,1
0,188,1
11,219,1
10,210,1
0,189,1
8,220,1
10,211,1
7,228,1
2,212,1
5,204,1
4,205,1
6,217,1
5,205,1
3,211,1
8,221,1
11,220,1
3,212,1
8,222,1
9,236,1
7,229,1
11,221,1
0,190,1
6,218,1
5,206,1
6,219,1
5,207,1
2,213,1
1,221,1
1,222,1
9,237,1
11,222,1
0,191,1
2,214,1
5,208,1
9,238,1
11,223,1
2,215,1
5,209,1
10,212,1
1,223,1
4,206,1
1,224,1
6,220,1
8,223,1
9,239,1
5,210,1
6,221,1
3,213,1
0,192,1
2,216,1
5,211,1
3,214,1
10,213,1
7,230,1
8,224,1
7,231,1
7,232,1
9,240,1
1,225,1
7,233,1
1,226,1
11,224,1
8,225,1
1,227,1
11,225,1
9,241,1
7,234,1
1,228,1
2,217,1
4,207,1
9,242,1
0,193,1
6,222,1
8,226,1
0,194,1
7,235,1
4,208,1
7,236,1
4,209,1
0,195,1
7,237,1
10,214,1
11,226,1
4,210,1
3,215,1
5,212,1
6,223,1
1,229,1
11,227,1
9,243,1
4,211,1
0,196,1
11,228,1
9,244,1
2,218,1
8,227,1
3,216,1
7,238,1
6,224,1
4,212,1
5,213,1
6,225,1
2,219,1
4,213,1
5,214,1
2,220,1
4,214,1
3,217,1
0,197,1
7,239,1
9,245,1
4,215,1
3,218,1
0,198,1
9,246,1
10,215,1
0,199,1
10,216,1
9,247,1
4,216,1
10,217,1
3,219,1
9,248,1
7,240,1
9,249,1
8,228,1
6,226,1
8,229,1
9,250,1
10,218,1
6,227,1
2,221,1
11,229,1
5,215,1
7,241,1
11,230,1
0,200,1
9,251,1
10,219,1
7,242,1
8,230,1
9,252,1
10,220,1
8,231,1
9,253,1
11,231,1
8,232,1
0,201,1
9,254,1
7,243,1
11,232,1
0,202,1
2,222,1
9,255,1
10,221,1
0,203,1
2,223,1
9,256,1
5,216,1
6,228,1
4,217,1
6,229,1
11,233,1
10,222,1
1,230,1
6,230,1
0,204,1
6,231,1
7,244,1
0,205,1
1,231,1
7,245,1
0,206,1
9,257,1
5,217,1
2,224,1
7,246,1
4,218,1
0,207,1
9,258,1
5,218,1
3,220,1
4,219,1
8,233,1
9,259,1
3,221,1
2,225,1
8,234,1
4,220,1
11,234,1
8,235,1
7,247,1
3,222,1
1,232,1
9,260,1
7,248,1
2,226,1
3,223,1
7,249,1
10,223,1
3,224,1
7,250,1
10,224,1
4,221,1
0,208,1
3,225,1
7,251,1
4,222,1
8,236,1
3,226,1
0,209,1
1,233,1
4,223,1
8,237,1
3,227,1
2,227,1
5,219,1
6,232,1
2,228,1
5,220,1
0,210,1
3,228,1
9,261,1
0,211,1
7,252,1
9,262,1
3,229,1
5,221,1
10,225,1
7,253,1
8,238,1
10,226,1
0,212,1
11,235,1
8,239,1
2,229,1
4,224,1
0,213,1
3,230,1
11,236,1
8,240,1
0,214,1
4,225,1
11,237,1
1,234,1
7,254,1
8,241,1
1,235,1
9,263,1
5,222,1
10,227,1
3,231,1
1,236,1
7,255,1
10,228,1
1,237,1
11,238,1
5,223,1
4,226,1
6,233,1
2,230,1
11,239,1
7,256,1
4,227,1
2,231,1
2,232,1
4,228,1
6,234,1
0,215,1
4,229,1
6,235,1
11,240,1
3,232,1
2,233,1
5,224,1
2,234,1
9,264,1
3,233,1
11,241,1
8,242,1
4,230,1
2,235,1
7,257,1
8,243,1
3,234,1
5,225,1
4,231,1
6,236,1
1,238,1
8,244,1
3,235,1
10,229,1
9,265,1
0,216,1
7,258,1
4,232,1
6,237,1
7,259,1
1,239,1
5,226,1
11,242,1
0,217,1
7,260,1
10,230,1
6,238,1
2,236,1
7,261,1
6,239,1
9,266,1
1,240,1
10,231,1
5,227,1
2,237,1
5,228,1
2,238,1
7,262,1
9,267,1
11,243,1
6,240,1
0,218,1
4,233,1
5,229,1
3,236,1
4,234,1
9,268,1
0,219,1
3,237,1
3,238,1
6,241,1
5,230,1
6,242,1
9,269,1
0,220,1
2,239,1
3,239,1
6,243,1
5,231,1
3,240,1
6,244,1
8,245,1
7,263,1
9,270,1
1,241,1
4,235,1
2,240,1
2,241,1
5,232,1
10,232,1
9,271,1
3,241,1
6,245,1
1,242,1
4,236,1
6,246,1
10,233,1
1,243,1
6,247,1
7,264,1
10,234,1
9,272,1
11,244,1
8,246,1
1,244,1
7,265,1
10,235,1
8,247,1
4,237,1
0,221,1
3,242,1
7,266,1
10,236,1
7,267,1
11,245,1
7,268,1
5,233,1
9,273,1
11,246,1
0,222,1
8,248,1
6,248,1
10,237,1
5,234,1
7,269,1
8,249,1
1,245,1
6,249,1
10,238,1
7,270,1
6,250,1
9,274,1
8,250,1
2,242,1
6,251,1
5,235,1
4,238,1
9,275,1
3,243,1
11,247,1
0,223,1
8,251,1
7,271,1
5,236,1
6,252,1
1,246,1
7,272,1
10,239,1
9,276,1
6,253,1
1,247,1
10,240,1
9,277,1
6,254,1
11,248,1
1,248,1
0,224,1
5,237,1
7,273,1
6,255,1
11,249,1
4,239,1
7,274,1
4,240,1
7,275,1
10,241,1
2,243,1
4,241,1
7,276,1
5,238,1
5,239,1
4,242,1
0,225,1
5,240,1
11,250,1
0,226,1
6,256,1
5,241,1
1,249,1
0,227,1
3,244,1
5,242,1
8,252,1
0,228,1
1,250,1
9,278,1
5,243,1
8,253,1
4,243,1
6,257,1
3,245,1
4,244,1
6,258,1
7,277,1
1,251,1
11,251,1
4,245,1
10,242,1
7,278,1
4,246,1
0,229,1
7,279,1
3,246,1
4,247,1
8,254,1
7,280,1
10,243,1
3,247,1
7,281,1
10,244,1
1,252,1
7,282,1
10,245,1
11,252,1
4,248,1
10,246,1
0,230,1
2,244,1
1,253,1
2,245,1
3,248,1
8,255,1
0,231,1
11,253,1
10,247,1
3,249,1
5,244,1
0,232,1
1,254,1
10,248,1
0,233,1
11,254,1
3,250,1
7,283,1
6,259,1
10,249,1
9,279,1
4,249,1
1,255,1
3,251,1
7,284,1
11,255,1
11,256,1
11,257,1
10,250,1
9,280,1
8,256,1
10,251,1
0,234,1
9,281,1
1,256,1
9,282,1
1,257,1
5,245,1
3,252,1
8,257,1
2,246,1
1,258,1
2,247,1
3,253,1
7,285,1
4,250,1
3,254,1
9,283,1
6,260,1
10,252,1
2,248,1
6,261,1
4,251,1
6,262,1
11,258,1
2,249,1
8,258,1
9,284,1
6,263,1
3,255,1
11,259,1
0,235,1
4,252,1
8,259,1
2,250,1
10,253,1
7,286,1
3,256,1
10,254,1
9,285,1
3,257,1
7,287,1
1,259,1
9,286,1
1,260,1
5,246,1
9,287,1
5,247,1
2,251,1
7,288,1
11,260,1
5,248,1
2,252,1
7,289,1
7,290,1
2,253,1
10,255,1
6,264,1
0,236,1
1,261,1
9,288,1
6,265,1
0,237,1
5,249,1
9,289,1
5,250,1
7,291,1
2,254,1
9,290,1
1,262,1
2,255,1
9,291,1
6,266,1
8,260,1
1,263,1
4,253,1
10,256,1
8,261,1
1,264,1
7,292,1
10,257,1
2,256,1
7,293,1
6,267,1
9,292,1
10,258,1
3,258,1
7,294,1
10,259,1
4,254,1
11,261,1
7,295,1
6,268,1
7,296,1
11,262,1
3,259,1
8,262,1
8,263,1
4,255,1
10,260,1
1,265,1
8,264,1
4,256,1
6,269,1
10,261,1
5,251,1
3,260,1
0,238,1
4,257,1
6,270,1
10,262,1
3,261,1
4,258,1
0,239,1
2,257,1
10,263,1
1,266,1
7,297,1
4,259,1
3,262,1
0,240,1
9,293,1
2,258,1
9,294,1
6,271,1
11,263,1
8,265,1
3,263,1
5,252,1
1,267,1
11,264,1
8,266,1
3,264,1
2,259,1
2,260,1
1,268,1
6,272,1
2,261,1
4,260,1
2,262,1
1,269,1
4,261,1
3,265,1
8,267,1
9,295,1
7,298,1
1,270,1
8,268,1
10,264,1
4,262,1
3,266,1
9,296,1
9,297,1
4,263,1
1,271,1
10,265,1
2,263,1
0,241,1
10,266,1
1,272,1
2,264,1
0,242,1
4,264,1
6,273,1
0,243,1
0,244,1
8,269,1
2,265,1
4,265,1
11,265,1
1,273,1
2,266,1
9,298,1
4,266,1
5,253,1
0,245,1
9,299,1
8,270,1
11,266,1
6,274,1
5,254,1
9,300,1
11,267,1
6,275,1
3,267,1
9,301,1
5,255,1
11,268,1
8,271,1
9,302,1
1,274,1
11,269,1
8,272,1
9,303,1
5,256,1
6,276,1
7,299,1
3,268,1
1,275,1
0,246,1
7,300,1
3,269,1
1,276,1
4,267,1
0,247,1
8,273,1
1,277,1
0,248,1
9,304,1
5,257,1
10,267,1
2,267,1
7,301,1
0,249,1
10,268,1
11,270,1
3,270,1
7,302,1
3,271,1
1,278,1
9,305,1
1,279,1
4,268,1
0,250,1
4,269,1
7,303,1
5,258,1
3,272,1
0,251,1
4,270,1
9,306,1
5,259,1
7,304,1
2,268,1
10,269,1
3,273,1
6,277,1
0,252,1
4,271,1
7,305,1
5,260,1
2,269,1
1,280,1
7,306,1
7,307,1
3,274,1
11,271,1
0,253,1
11,272,1
1,281,1
7,308,1
11,273,1
1,282,1
8,274,1
10,270,1
11,274,1
1,283,1
3,275,1
8,275,1
2,270,1
5,261,1
9,307,1
0,254,1
6,278,1
3,276,1
10,271,1
0,255,1
11,275,1
4,272,1
0,256,1
5,262,1
8,276,1
6,279,1
9,308,1
0,257,1
3,277,1
2,271,1
3,278,1
4,273,1
5,263,1
1,284,1
3,279,1
4,274,1
6,280,1
0,258,1
11,276,1
10,272,1
0,259,1
10,273,1
10,274,1
1,285,1
1,286,1
5,264,1
4,275,1
6,281,1
8,277,1
5,265,1
6,282,1
0,260,1
8,278,1
7,309,1
4,276,1
3,280,1
6,283,1
11,277,1
7,310,1
8,279,1
9,309,1
4,277,1
11,278,1
2,272,1
7,311,1
8,280,1
5,266,1
11,279,1
5,267,1
5,268,1
10,275,1
3,281,1
8,281,1
5,269,1
0,261,1
7,312,1
10,276,1
6,284,1
11,280,1
9,310,1
6,285,1
5,270,1
11,281,1
0,262,1
9,311,1
5,271,1
8,282,1
1,287,1
9,312,1
7,313,1
10,277,1
5,272,1
1,288,1
11,282,1
6,286,1
7,314,1
10,278,1
11,283,1
1,289,1
7,315,1
8,283,1
9,313,1
3,282,1
8,284,1
0,263,1
6,287,1
9,314,1
3,283,1
2,273,1
0,264,1
6,288,1
7,316,1
9,315,1
1,290,1
0,265,1
2,274,1
7,317,1
9,316,1
1,291,1
10,279,1
3,284,1
10,280,1
3,285,1
0,266,1
10,281,1
9,317,1
1,292,1
0,267,1
6,289,1
1,293,1
9,318,1
0,268,1
3,286,1
0,269,1
8,285,1
0,270,1
6,290,1
9,319,1
1,294,1
0,271,1
11,284,1
7,318,1
0,272,1
8,286,1
11,285,1
2,275,1
4,278,1
5,273,1
3,287,1
1,295,1
2,276,1
11,286,1
7,319,1
2,277,1
11,287,1
10,282,1
3,288,1
10,283,1
7,320,1
1,296,1
4,279,1
10,284,1
0,273,1
7,321,1
1,297,1
6,291,1
3,289,1
9,320,1
3,290,1
4,280,1
7,322,1
9,321,1
3,291,1
6,292,1
4,281,1
8,287,1
11,288,1
7,323,1
0,274,1
6,293,1
1,298,1
5,274,1
0,275,1
5,275,1
3,292,1
8,288,1
0,276,1
4,282,1
5,276,1
6,294,1
10,285,1
0,277,1
4,283,1
5,277,1
3,293,1
10,286,1
9,322,1
8,289,1
4,284,1
1,299,1
9,323,1
2,278,1
1,300,1
2,279,1
5,278,1
1,301,1
2,280,1
8,290,1
2,281,1
4,285,1
9,324,1
11,289,1
1,302,1
0,278,1
3,294,1
9,325,1
3,295,1
7,324,1
6,295,1
8,291,1
9,326,1
4,286,1
3,296,1
8,292,1
9,327,1
10,287,1
0,279,1
4,287,1
10,288,1
11,290,1
7,325,1
10,289,1
3,297,1
1,303,1
11,291,1
4,288,1
0,280,1
3,298,1
4,289,1
0,281,1
3,299,1
8,293,1
5,279,1
0,282,1
11,292,1
0,283,1
7,326,1
8,294,1
0,284,1
9,328,1
5,280,1
10,290,1
11,293,1
5,281,1
4,290,1
7,327,1
10,291,1
4,291,1
2,282,1
0,285,1
4,292,1
2,283,1
5,282,1
10,292,1
10,293,1
8,295,1
10,294,1
11,294,1
9,329,1
9,330,1
7,328,1
5,283,1
4,293,1
10,295,1
11,295,1
6,296,1
2,284,1
10,296,1
11,296,1
6,297,1
2,285,1
3,300,1
8,296,1
10,297,1
11,297,1
3,301,1
0,286,1
7,329,1
5,284,1
10,298,1
4,294,1
1,304,1
0,287,1
5,285,1
11,298,1
5,286,1
11,299,1
7,330,1
9,331,1
7,331,1
3,302,1
9,332,1
3,303,1
9,333,1
4,295,1
8,297,1
6,298,1
9,334,1
7,332,1
2,286,1
8,298,1
9,335,1
7,333,1
11,300,1
4,296,1
6,299,1
2,287,1
4,297,1
1,305,1
9,336,1
8,299,1
6,300,1
3,304,1
2,288,1
8,300,1
2,289,1
11,301,1
7,334,1
1,306,1
11,302,1
3,305,1
9,337,1
10,299,1
8,301,1
2,290,1
10,300,1
2,291,1
4,298,1
7,335,1
6,301,1
0,288,1
3,306,1
7,336,1
4,299,1
6,302,1
0,289,1
4,300,1
4,301,1
11,303,1
7,337,1
9,338,1
4,302,1
10,301,1
2,292,1
11,304,1
0,290,1
4,303,1
11,305,1
0,291,1
4,304,1
6,303,1
1,307,1
3,307,1
11,306,1
7,338,1
10,302,1
9,339,1
4,305,1
3,308,1
7,339,1
11,307,1
4,306,1
3,309,1
7,340,1
11,308,1
10,303,1
3,310,1
6,304,1
8,302,1
6,305,1
7,341,1
6,306,1
0,292,1
9,340,1
11,309,1
9,341,1
8,303,1
2,293,1
3,311,1
7,342,1
6,307,1
4,307,1
11,310,1
10,304,1
11,311,1
6,308,1
8,304,1
7,343,1
9,342,1
5,287,1
11,312,1
7,344,1
3,312,1
4,308,1
3,313,1
6,309,1
9,343,1
10,305,1
11,313,1
7,345,1
10,306,1
11,314,1
3,314,1
2,294,1
1,308,1
11,315,1
9,344,1
10,307,1
0,293,1
8,305,1
7,346,1
5,288,1
9,345,1
10,308,1
0,294,1
8,306,1
7,347,1
2,295,1
10,309,1
1,309,1
8,307,1
4,309,1
5,289,1
8,308,1
11,316,1
0,295,1
4,310,1
3,315,1
8,309,1
11,317,1
1,310,1
4,311,1
8,310,1
5,290,1
7,348,1
4,312,1
2,296,1
10,310,1
9,346,1
5,291,1
7,349,1
1,311,1
8,311,1
10,311,1
0,296,1
9,347,1
0,297,1
9,348,1
3,316,1
8,312,1
5,292,1
6,310,1
11,318,1
5,293,1
1,312,1
4,313,1
2,297,1
5,294,1
5,295,1
7,350,1
6,311,1
11,319,1
5,296,1
7,351,1
4,314,1
5,297,1
7,352,1
10,312,1
4,315,1
11,320,1
10,313,1
9,349,1
1,313,1
10,314,1
6,312,1
8,313,1
4,316,1
2,298,1
1,314,1
10,315,1
6,313,1
2,299,1
4,317,1
9,350,1
0,298,1
2,300,1
0,299,1
11,321,1
1,315,1
6,314,1
9,351,1
10,316,1
6,315,1
8,314,1
7,353,1
9,352,1
4,318,1
5,298,1
7,354,1
8,315,1
2,301,1
7,355,1
0,300,1
8,316,1
2,302,1
7,356,1
0,301,1
5,299,1
7,357,1
0,302,1
10,317,1
4,319,1
7,358,1
8,317,1
10,318,1
3,317,1
2,303,1
1,316,1
6,316,1
7,359,1
8,318,1
11,322,1
4,320,1
11,323,1
9,353,1
10,319,1
11,324,1
10,320,1
2,304,1
7,360,1
10,321,1
11,325,1
0,303,1
2,305,1
3,318,1
11,326,1
0,304,1
10,322,1
2,306,1
11,327,1
6,317,1
1,317,1
5,300,1
2,307,1
6,318,1
4,321,1
9,354,1
5,301,1
4,322,1
3,319,1
7,361,1
8,319,1
1,318,1
4,323,1
2,308,1
3,320,1
0,305,1
9,355,1
4,324,1
5,302,1
3,321,1
0,306,1
11,328,1
10,323,1
5,303,1
6,319,1
1,319,1
10,324,1
5,304,1
4,325,1
6,320,1
7,362,1
9,356,1
5,305,1
7,363,1
11,329,1
6,321,1
1,320,1
3,322,1
5,306,1
10,325,1
1,321,1
9,357,1
7,364,1
6,322,1
4,326,1
8,320,1
1,322,1
3,323,1
11,330,1
7,365,1
5,307,1
10,326,1
8,321,1
1,323,1
3,324,1
2,309,1
10,327,1
8,322,1
3,325,1
11,331,1
8,323,1
4,327,1
9,358,1
7,366,1
7,367,1
3,326,1
5,308,1
11,332,1
7,368,1
3,327,1
8,324,1
10,328,1
11,333,1
7,369,1
6,323,1
0,307,1
11,334,1
3,328,1
0,308,1
6,324,1
5,309,1
3,329,1
4,328,1
6,325,1
8,325,1
1,324,1
7,370,1
4,329,1
10,329,1
8,326,1
2,310,1
9,359,1
1,325,1
7,371,1
11,335,1
8,327,1
3,330,1
1,326,1
7,372,1
11,336,1
9,360,1
8,328,1
7,373,1
1,327,1
9,361,1
10,330,1
6,326,1
7,374,1
1,328,1
3,331,1
4,330,1
7,375,1
11,337,1
1,329,1
10,331,1
11,338,1
5,310,1
10,332,1
6,327,1
8,329,1
10,333,1
0,309,1
4,331,1
3,332,1
0,310,1
5,311,1
10,334,1
6,328,1
5,312,1
7,376,1
4,332,1
6,329,1
5,313,1
1,330,1
3,333,1
4,333,1
8,330,1
1,331,1
5,314,1
4,334,1
8,331,1
7,377,1
1,332,1
10,335,1
3,334,1
1,333,1
0,311,1
5,315,1
2,311,1
10,336,1
6,330,1
4,335,1
8,332,1
10,337,1
11,339,1
8,333,1
3,335,1
0,312,1
11,340,1
5,316,1
6,331,1
3,336,1
2,312,1
0,313,1
11,341,1
6,332,1
2,313,1
11,342,1
9,362,1
3,337,1
8,334,1
2,314,1
7,378,1
5,317,1
9,363,1
11,343,1
10,338,1
7,379,1
0,314,1
2,315,1
5,318,1
4,336,1
0,315,1
5,319,1
10,339,1
0,316,1
1,334,1
5,320,1
9,364,1
10,340,1
6,333,1
7,380,1
2,316,1
1,335,1
0,317,1
7,381,1
2,317,1
6,334,1
1,336,1
4,337,1
3,338,1
6,335,1
2,318,1
5,321,1
1,337,1
4,338,1
3,339,1
10,341,1
0,318,1
2,319,1
4,339,1
11,344,1
4,340,1
9,365,1
10,342,1
6,336,1
2,320,1
9,366,1
6,337,1
2,321,1
9,367,1
5,322,1
9,368,1
2,322,1
7,382,1
4,341,1
0,319,1
8,335,1
11,345,1
9,369,1
2,323,1
0,320,1
1,338,1
5,323,1
1,339,1
4,342,1
0,321,1
1,340,1
7,383,1
10,343,1
8,336,1
4,343,1
0,322,1
1,341,1
9,370,1
10,344,1
8,337,1
5,324,1
4,344,1
10,345,1
9,371,1
8,338,1
5,325,1
2,324,1
7,384,1
9,372,1
6,338,1
4,345,1
0,323,1
2,325,1
6,339,1
0,324,1
5,326,1
8,339,1
2,326,1
7,385,1
4,346,1
0,325,1
11,346,1
2,327,1
6,340,1
0,326,1
4,347,1
11,347,1
2,328,1
5,327,1
5,328,1
9,373,1
5,329,1
11,348,1
2,329,1
7,386,1
5,330,1
11,349,1
9,374,1
2,330,1
7,387,1
10,346,1
0,327,1
4,348,1
1,342,1
0,328,1
11,350,1
9,375,1
6,341,1
1,343,1
8,340,1
2,331,1
7,388,1
9,376,1
2,332,1
7,389,1
4,349,1
1,344,1
5,331,1
11,351,1
4,350,1
6,342,1
5,332,1
9,377,1
8,341,1
5,333,1
7,390,1
8,342,1
11,352,1
4,351,1
10,347,1
6,343,1
5,334,1
3,340,1
6,344,1
10,348,1
9,378,1
7,391,1
3,341,1
0,329,1
2,333,1
8,343,1
7,392,1
2,334,1
1,345,1
7,393,1
1,346,1
3,342,1
4,352,1
5,335,1
8,344,1
10,349,1
1,347,1
4,353,1
2,335,1
11,353,1
7,394,1
11,354,1
7,395,1
8,345,1
0,330,1
9,379,1
6,345,1
7,396,1
8,346,1
9,380,1
8,347,1
9,381,1
11,355,1
0,331,1
9,382,1
6,346,1
10,350,1
7,397,1
3,343,1
1,348,1
2,336,1
8,348,1
8,349,1
11,356,1
2,337,1
9,383,1
7,398,1
0,332,1
3,344,1
10,351,1
2,338,1
11,357,1
9,384,1
1,349,1
6,347,1
0,333,1
5,336,1
6,348,1
0,334,1
7,399,1
10,352,1
4,354,1
9,385,1
6,349,1
0,335,1
7,400,1
10,353,1
3,345,1
7,401,1
11,358,1
5,337,1
8,350,1
1,350,1
7,402,1
11,359,1
6,350,1
1,351,1
8,351,1
7,403,1
1,352,1
8,352,1
7,404,1
9,386,1
10,354,1
2,339,1
3,346,1
7,405,1
11,360,1
5,338,1
10,355,1
7,406,1
8,353,1
10,356,1
7,407,1
2,340,1
8,354,1
10,357,1
0,336,1
2,341,1
9,387,1
10,358,1
2,342,1
5,339,1
6,351,1
1,353,1
11,361,1
9,388,1
0,337,1
7,408,1
8,355,1
3,347,1
8,356,1
9,389,1
11,362,1
2,343,1
5,340,1
3,348,1
9,390,1
7,409,1
5,341,1
6,352,1
1,354,1
6,353,1
4,355,1
8,357,1
9,391,1
7,410,1
11,363,1
3,349,1
9,392,1
4,356,1
0,338,1
3,350,1
4,357,1
2,344,1
0,339,1
8,358,1
10,359,1
3,351,1
0,340,1
8,359,1
11,364,1
9,393,1
7,411,1
0,341,1
5,342,1
11,365,1
9,394,1
4,358,1
0,342,1
7,412,1
5,343,1
9,395,1
0,343,1
8,360,1
2,345,1
11,366,1
3,352,1
11,367,1
2,346,1
7,413,1
3,353,1
10,360,1
8,361,1
3,354,1
0,344,1
10,361,1
9,396,1
2,347,1
4,359,1
6,354,1
5,344,1
3,355,1
6,355,1
9,397,1
0,345,1
8,362,1
6,356,1
9,398,1
0,346,1
8,363,1
2,348,1
6,357,1
5,345,1
10,362,1
0,347,1
3,356,1
7,414,1
11,368,1
2,349,1
6,358,1
10,363,1
0,348,1
7,415,1
6,359,1
1,355,1
0,349,1
8,364,1
4,360,1
6,360,1
11,369,1
6,361,1
2,350,1
9,399,1
7,416,1
5,346,1
1,356,1
0,350,1
7,417,1
10,364,1
4,361,1
1,357,1
7,418,1
10,365,1
8,365,1
9,400,1
7,419,1
5,347,1
8,366,1
0,351,1
9,401,1
5,348,1
4,362,1
9,402,1
3,357,1
5,349,1
10,366,1
9,403,1
6,362,1
5,350,1
7,420,1
1,358,1
10,367,1
9,404,1
6,363,1
5,351,1
1,359,1
2,351,1
7,421,1
5,352,1
6,364,1
8,367,1
1,360,1
2,352,1
10,368,1
3,358,1
9,405,1
3,359,1
11,370,1
4,363,1
5,353,1
2,353,1
10,369,1
6,365,1
4,364,1
9,406,1
10,370,1
8,368,1
9,407,1
5,354,1
11,371,1
7,422,1
6,366,1
1,361,1
8,369,1
5,355,1
3,360,1
2,354,1
9,408,1
1,362,1
8,370,1
3,361,1
11,372,1
2,355,1
9,409,1
10,371,1
1,363,1
6,367,1
8,371,1
11,373,1
8,372,1
9,410,1
7,423,1
11,374,1
10,372,1
8,373,1
5,356,1
0,352,1
7,424,1
1,364,1
11,375,1
3,362,1
4,365,1
5,357,1
6,368,1
3,363,1
4,366,1
9,411,1
5,358,1
6,369,1
8,374,1
3,364,1
4,367,1
7,425,1
2,356,1
10,373,1
4,368,1
8,375,1
10,374,1
9,412,1
4,369,1
8,376,1
6,370,1
10,375,1
11,376,1
4,370,1
2,357,1
4,371,1
9,413,1
4,372,1
8,377,1
3,365,1
0,353,1
10,376,1
5,359,1
11,377,1
0,354,1
10,377,1
0,355,1
6,371,1
4,373,1
3,366,1
2,358,1
5,360,1
1,365,1
7,426,1
10,378,1
5,361,1
1,366,1
8,378,1
9,414,1
6,372,1
7,427,1
11,378,1
0,356,1
2,359,1
1,367,1
5,362,1
10,379,1
0,357,1
7,428,1
8,379,1
1,368,1
6,373,1
7,429,1
0,358,1
3,367,1
8,380,1
4,374,1
10,380,1
2,360,1
8,381,1
5,363,1
7,430,1
6,374,1
9,415,1
11,379,1
7,431,1
10,381,1
7,432,1
5,364,1
2,361,1
8,382,1
2,362,1
4,375,1
5,365,1
1,369,1
4,376,1
2,363,1
10,382,1
3,368,1
7,433,1
2,364,1
4,377,1
2,365,1
4,378,1
11,380,1
0,359,1
6,375,1
3,369,1
10,383,1
5,366,1
0,360,1
7,434,1
1,370,1
9,416,1
0,361,1
2,366,1
6,376,1
2,367,1
11,381,1
5,367,1
7,435,1
1,371,1
2,368,1
4,379,1
5,368,1
0,362,1
1,372,1
6,377,1
8,383,1
5,369,1
2,369,1
1,373,1
9,417,1
6,378,1
11,382,1
8,384,1
3,370,1
1,374,1
6,379,1
8,385,1
9,418,1
5,370,1
7,436,1
0,363,1
4,380,1
8,386,1
11,383,1
2,370,1
5,371,1
0,364,1
8,387,1
3,371,1
9,419,1
8,388,1
3,372,1
7,437,1
11,384,1
1,375,1
8,389,1
6,380,1
2,371,1
4,381,1
7,438,1
1,376,1
11,385,1
3,373,1
5,372,1
4,382,1
7,439,1
3,374,1
1,377,1
10,384,1
1,378,1
6,381,1
10,385,1
11,386,1
6,382,1
2,372,1
4,383,1
6,383,1
3,375,1
2,373,1
8,390,1
5,373,1
1,379,1
0,365,1
4,384,1
10,386,1
5,374,1
8,391,1
7,440,1
0,366,1
4,385,1
9,420,1
10,387,1
7,441,1
3,376,1
8,392,1
0,367,1
4,386,1
8,393,1
3,377,1
8,394,1
9,421,1
3,378,1
10,388,1
11,387,1
7,442,1
8,395,1
3,379,1
2,374,1
11,388,1
7,443,1
6,384,1
11,389,1
9,422,1
4,387,1
8,396,1
5,375,1
3,380,1
6,385,1
8,397,1
7,444,1
10,389,1
7,445,1
10,390,1
2,375,1
4,388,1
0,368,1
3,381,1
7,446,1
10,391,1
2,376,1
4,389,1
6,386,1
9,423,1
7,447,1
3,382,1
2,377,1
4,390,1
6,387,1
11,390,1
0,369,1
1,380,1
4,391,1
8,398,1
10,392,1
5,376,1
1,381,1
0,370,1
5,377,1
7,448,1
3,383,1
1,382,1
2,378,1
7,449,1
9,424,1
2,379,1
6,388,1
6,389,1
9,425,1
0,371,1
4,392,1
11,391,1
6,390,1
3,384,1
9,426,1
1,383,1
4,393,1
5,378,1
11,392,1
6,391,1
9,427,1
8,399,1
11,393,1
9,428,1
3,385,1
6,392,1
7,450,1
2,380,1
5,379,1
6,393,1
0,372,1
7,451,1
4,394,1
10,393,1
11,394,1
6,394,1
9,429,1
1,384,1
7,452,1
11,395,1
6,395,1
1,385,1
5,380,1
11,396,1
6,396,1
4,395,1
0,373,1
1,386,1
10,394,1
5,381,1
4,396,1
1,387,1
10,395,1
7,453,1
3,386,1
11,397,1
7,454,1
10,396,1
5,382,1
11,398,1
2,381,1
7,455,1
10,397,1
1,388,1
5,383,1
7,456,1
0,374,1
3,387,1
4,397,1
0,375,1
6,397,1
10,398,1
0,376,1
5,384,1
7,457,1
6,398,1
10,399,1
3,388,1
1,389,1
5,385,1
6,399,1
10,400,1
5,386,1
6,400,1
10,401,1
4,398,1
2,382,1
3,389,1
6,401,1
10,402,1
1,390,1
3,390,1
6,402,1
10,403,1
3,391,1
6,403,1
0,377,1
2,383,1
0,378,1
7,458,1
5,387,1
1,391,1
4,399,1
8,400,1
2,384,1
5,388,1
9,430,1
2,385,1
4,400,1
7,459,1
0,379,1
6,404,1
7,460,1
0,380,1
6,405,1
4,401,1
11,399,1
6,406,1
7,461,1
9,431,1
1,392,1
11,400,1
8,401,1
0,381,1
4,402,1
11,401,1
4,403,1
9,432,1
8,402,1
0,382,1
5,389,1
7,462,1
1,393,1
6,407,1
3,392,1
8,403,1
7,463,1
11,402,1
1,394,1
5,390,1
0,383,1
3,393,1
6,408,1
7,464,1
8,404,1
1,395,1
5,391,1
9,433,1
6,409,1
3,394,1
7,465,1
5,392,1
11,403,1
5,393,1
4,404,1
1,396,1
9,434,1
2,386,1
7,466,1
4,405,1
1,397,1
9,435,1
8,405,1
7,467,1
4,406,1
5,394,1
9,436,1
1,398,1
3,395,1
5,395,1
0,384,1
0,385,1
8,406,1
2,387,1
10,404,1
0,386,1
8,407,1
6,410,1
2,388,1
5,396,1
8,408,1
4,407,1
9,437,1
7,468,1
3,396,1
1,399,1
0,387,1
11,404,1
3,397,1
7,469,1
1,400,1
5,397,1
11,405,1
8,409,1
11,406,1
6,411,1
0,388,1
4,408,1
7,470,1
10,405,1
9,438,1
2,389,1
5,398,1
10,406,1
9,439,1
8,410,1
6,412,1
2,390,1
11,407,1
5,399,1
8,411,1
4,409,1
7,471,1
11,408,1
8,412,1
3,398,1
9,440,1
8,413,1
1,401,1
7,472,1
8,414,1
10,407,1
1,402,1
4,410,1
7,473,1
9,441,1
10,408,1
11,409,1
7,474,1
0,389,1
9,442,1
10,409,1
3,399,1
2,391,1
6,413,1
8,415,1
0,390,1
10,410,1
5,400,1
6,414,1
1,403,1
10,411,1
2,392,1
5,401,1
7,475,1
4,411,1
10,412,1
0,391,1
4,412,1
10,413,1
11,410,1
2,393,1
4,413,1
8,416,1
11,411,1
10,414,1
4,414,1
8,417,1
11,412,1
6,415,1
0,392,1
3,400,1
9,443,1
4,415,1
6,416,1
7,476,1
9,444,1
4,416,1
1,404,1
10,415,1
7,477,1
9,445,1
4,417,1
11,413,1
3,401,1
5,402,1
0,393,1
9,446,1
11,414,1
3,402,1
1,405,1
9,447,1
11,415,1
5,403,1
3,403,1
10,416,1
7,478,1
5,404,1
10,417,1
7,479,1
10,418,1
4,418,1
4,419,1
5,405,1
1,406,1
0,394,1
6,417,1
11,416,1
8,418,1
5,406,1
1,407,1
0,395,1
6,418,1
4,420,1
8,419,1
7,480,1
9,448,1
3,404,1
0,396,1
4,421,1
10,419,1
7,481,1
8,420,1
6,419,1
5,407,1
10,420,1
3,405,1
11,417,1
10,421,1
9,449,1
2,394,1
8,421,1
10,422,1
5,408,1
0,397,1
4,422,1
5,409,1
3,406,1
7,482,1
4,423,1
9,450,1
2,395,1
3,407,1
5,410,1
4,424,1
7,483,1
11,418,1
1,408,1
3,408,1
2,396,1
5,411,1
11,419,1
2,397,1
1,409,1
10,423,1
5,412,1
8,422,1
4,425,1
7,484,1
5,413,1
8,423,1
10,424,1
7,485,1
10,425,1
6,420,1
9,451,1
10,426,1
6,421,1
4,426,1
3,409,1
8,424,1
5,414,1
10,427,1
4,427,1
6,422,1
3,410,1
7,486,1
1,410,1
0,398,1
10,428,1
3,411,1
7,487,1
0,399,1
5,415,1
10,429,1
3,412,1
8,425,1
11,420,1
0,400,1
6,423,1
3,413,1
10,430,1
0,401,1
6,424,1
4,428,1
0,402,1
1,411,1
2,398,1
3,414,1
11,421,1
5,416,1
6,425,1
8,426,1
2,399,1
3,415,1
5,417,1
1,412,1
11,422,1
1,413,1
11,423,1
11,424,1
6,426,1
10,431,1
3,416,1
7,488,1
11,425,1
10,432,1
7,489,1
6,427,1
8,427,1
2,400,1
6,428,1
8,428,1
1,414,1
3,417,1
11,426,1
6,429,1
10,433,1
7,490,1
10,434,1
7,491,1
4,429,1
1,415,1
8,429,1
0,403,1
6,430,1
4,430,1
2,401,1
3,418,1
0,404,1
11,427,1
8,430,1
1,416,1
3,419,1
5,418,1
6,431,1
9,452,1
10,435,1
1,417,1
9,453,1
2,402,1
0,405,1
9,454,1
5,419,1
0,406,1
3,420,1
9,455,1
11,428,1
0,407,1
8,431,1
9,456,1
4,431,1
7,492,1
6,432,1
4,432,1
9,457,1
7,493,1
5,420,1
1,418,1
11,429,1
5,421,1
11,430,1
5,422,1
3,421,1
11,431,1
8,432,1
0,408,1
1,419,1
9,458,1
11,432,1
3,422,1
7,494,1
5,423,1
11,433,1
10,436,1
7,495,1
8,433,1
11,434,1
6,433,1
7,496,1
8,434,1
9,459,1
4,433,1
3,423,1
4,434,1
9,460,1
10,437,1
11,435,1
6,434,1
10,438,1
11,436,1
10,439,1
9,461,1
11,437,1
0,409,1
5,424,1
8,435,1
6,435,1
3,424,1
2,403,1
4,435,1
5,425,1
6,436,1
3,425,1
9,462,1
2,404,1
7,497,1
0,410,1
3,426,1
9,463,1
2,405,1
7,498,1
0,411,1
2,406,1
9,464,1
7,499,1
5,426,1
11,438,1
6,437,1
10,440,1
0,412,1
2,407,1
11,439,1
8,436,1
6,438,1
10,441,1
1,420,1
3,427,1
11,440,1
6,439,1
1,421,1
7,500,1
0,413,1
9,465,1
1,422,1
10,442,1
0,414,1
4,436,1
1,423,1
8,437,1
0,415,1
5,427,1
7,501,1
4,437,1
0,416,1
7,502,1
3,428,1
4,438,1
1,424,1
8,438,1
9,466,1
1,425,1
9,467,1
8,439,1
0,417,1
1,426,1
3,429,1
8,440,1
6,440,1
5,428,1
11,441,1
10,443,1
9,468,1
2,408,1
10,444,1
11,442,1
0,418,1
5,429,1
4,439,1
8,441,1
9,469,1
11,443,1
6,441,1
3,430,1
10,445,1
2,409,1
0,419,1
8,442,1
6,442,1
2,410,1
1,427,1
0,420,1
8,443,1
7,503,1
2,411,1
0,421,1
8,444,1
11,444,1
2,412,1
0,422,1
4,440,1
3,431,1
10,446,1
5,430,1
9,470,1
11,445,1
1,428,1
6,443,1
0,423,1
4,441,1
11,446,1
9,471,1
1,429,1
6,444,1
1,430,1
11,447,1
4,442,1
7,504,1
6,445,1
3,432,1
8,445,1
4,443,1
10,447,1
10,448,1
2,413,1
3,433,1
6,446,1
2,414,1
5,431,1
0,424,1
3,434,1
4,444,1
2,415,1
5,432,1
10,449,1
11,448,1
3,435,1
9,472,1
10,450,1
0,425,1
7,505,1
5,433,1
8,446,1
9,473,1
11,449,1
7,506,1
6,447,1
8,447,1
11,450,1
1,431,1
4,445,1
8,448,1
11,451,1
4,446,1
0,426,1
8,449,1
7,507,1
9,474,1
10,451,1
8,450,1
10,452,1
11,452,1
2,416,1
1,432,1
4,447,1
5,434,1
10,453,1
2,417,1
5,435,1
10,454,1
0,427,1
6,448,1
11,453,1
9,475,1
8,451,1
9,476,1
11,454,1
3,436,1
2,418,1
8,452,1
5,436,1
10,455,1
9,477,1
0,428,1
11,455,1
7,508,1
8,453,1
5,437,1
1,433,1
9,478,1
5,438,1
7,509,1
8,454,1
1,434,1
9,479,1
2,419,1
5,439,1
7,510,1
9,480,1
6,449,1
5,440,1
8,455,1
10,456,1
11,456,1
1,435,1
10,457,1
11,457,1
4,448,1
1,436,1
3,437,1
10,458,1
8,456,1
4,449,1
11,458,1
2,420,1
8,457,1
4,450,1
2,421,1
6,450,1
5,441,1
1,437,1
8,458,1
0,429,1
4,451,1
3,438,1
6,451,1
11,459,1
7,511,1
11,460,1
4,452,1
5,442,1
11,461,1
10,459,1
1,438,1
6,452,1
8,459,1
10,460,1
0,430,1
1,439,1
6,453,1
7,512,1
8,460,1
6,454,1
1,440,1
5,443,1
11,462,1
8,461,1
1,441,1
11,463,1
7,513,1
0,431,1
8,462,1
1,442,1
0,432,1
2,422,1
4,453,1
5,444,1
2,423,1
9,481,1
11,464,1
4,454,1
8,463,1
6,455,1
2,424,1
0,433,1
11,465,1
4,455,1
10,461,1
6,456,1
1,443,1
3,439,1
8,464,1
11,466,1
7,514,1
4,456,1
6,457,1
1,444,1
3,440,1
6,458,1
2,425,1
10,462,1
9,482,1
7,515,1
9,483,1
10,463,1
1,445,1
7,516,1
3,441,1
9,484,1
6,459,1
2,426,1
0,434,1
6,460,1
2,427,1
0,435,1
4,457,1
3,442,1
9,485,1
5,445,1
3,443,1
6,461,1
9,486,1
10,464,1
2,428,1
8,465,1
7,517,1
9,487,1
8,466,1
4,458,1
7,518,1
8,467,1
0,436,1
8,468,1
0,437,1
8,469,1
7,519,1
10,465,1
0,438,1
8,470,1
11,467,1
9,488,1
0,439,1
8,471,1
11,468,1
9,489,1
5,446,1
11,469,1
2,429,1
10,466,1
3,444,1
0,440,1
9,490,1
3,445,1
7,520,1
5,447,1
0,441,1
6,462,1
10,467,1
0,442,1
1,446,1
6,463,1
3,446,1
9,491,1
10,468,1
11,470,1
6,464,1
8,472,1
9,492,1
4,459,1
0,443,1
4,460,1
9,493,1
2,430,1
3,447,1
1,447,1
11,471,1
6,465,1
9,494,1
2,431,1
8,473,1
1,448,1
5,448,1
11,472,1
0,444,1
10,469,1
1,449,1
9,495,1
2,432,1
4,461,1
9,496,1
2,433,1
6,466,1
1,450,1
7,521,1
9,497,1
8,474,1
1,451,1
0,445,1
7,522,1
3,448,1
0,446,1
2,434,1
5,449,1
6,467,1
2,435,1
6,468,1
7,523,1
4,462,1
6,469,1
8,475,1
0,447,1
9,498,1
4,463,1
0,448,1
11,473,1
3,449,1
4,464,1
7,524,1
0,449,1
8,476,1
10,470,1
11,474,1
4,465,1
6,470,1
2,436,1
10,471,1
7,525,1
2,437,1
9,499,1
1,452,1
6,471,1
5,450,1
3,450,1
9,500,1
1,453,1
11,475,1
3,451,1
5,451,1
9,501,1
2,438,1
1,454,1
3,452,1
9,502,1
11,476,1
0,450,1
5,452,1
10,472,1
2,439,1
8,477,1
1,455,1
3,453,1
9,503,1
8,478,1
3,454,1
1,456,1
9,504,1
6,472,1
1,457,1
3,455,1
11,477,1
2,440,1
9,505,1
10,473,1
2,441,1
11,478,1
8,479,1
5,453,1
11,479,1
2,442,1
7,526,1
5,454,1
4,466,1
1,458,1
7,527,1
6,473,1
5,455,1
1,459,1
3,456,1
8,480,1
6,474,1
9,506,1
10,474,1
1,460,1
2,443,1
4,467,1
0,451,1
1,461,1
2,444,1
10,475,1
7,528,1
5,456,1
2,445,1
10,476,1
3,457,1
5,457,1
6,475,1
11,480,1
10,477,1
4,468,1
0,452,1
1,462,1
7,529,1
1,463,1
3,458,1
8,481,1
7,530,1
5,458,1
11,481,1
6,476,1
4,469,1
9,507,1
11,482,1
4,470,1
9,508,1
1,464,1
3,459,1
11,483,1
0,453,1
9,509,1
0,454,1
10,478,1
6,477,1
0,455,1
2,446,1
5,459,1
0,456,1
0,457,1
6,478,1
11,484,1
8,482,1
3,460,1
1,465,1
8,483,1
9,510,1
3,461,1
5,460,1
1,466,1
7,531,1
8,484,1
9,511,1
6,479,1
2,447,1
7,532,1
11,485,1
4,471,1
10,479,1
2,448,1
11,486,1
1,467,1
10,480,1
3,462,1
8,485,1
10,481,1
3,463,1
6,480,1
0,458,1
2,449,1
10,482,1
7,533,1
9,512,1
0,459,1
1,468,1
4,472,1
9,513,1
7,534,1
1,469,1
6,481,1
8,486,1
7,535,1
9,514,1
8,487,1
6,482,1
5,461,1
9,515,1
4,473,1
0,460,1
11,487,1
5,462,1
4,474,1
2,450,1
7,536,1
10,483,1
0,461,1
5,463,1
7,537,1
2,451,1
4,475,1
5,464,1
2,452,1
7,538,1
11,488,1
4,476,1
8,488,1
5,465,1
10,484,1
9,516,1
10,485,1
1,470,1
7,539,1
0,462,1
2,453,1
5,466,1
11,489,1
5,467,1
10,486,1
1,471,1
11,490,1
11,491,1
0,463,1
8,489,1
11,492,1
10,487,1
5,468,1
1,472,1
11,493,1
9,517,1
5,469,1
6,483,1
11,494,1
10,488,1
3,464,1
8,490,1
10,489,1
9,518,1
3,465,1
6,484,1
2,454,1
10,490,1
1,473,1
11,495,1
3,466,1
6,485,1
2,455,1
1,474,1
10,491,1
5,470,1
4,477,1
8,491,1
4,478,1
1,475,1
5,471,1
7,540,1
8,492,1
4,479,1
3,467,1
2,456,1
4,480,1
10,492,1
3,468,1
1,476,1
9,519,1
10,493,1
8,493,1
1,477,1
5,472,1
2,457,1
6,486,1
0,464,1
3,469,1
4,481,1
5,473,1
0,465,1
3,470,1
7,541,1
4,482,1
0,466,1
3,471,1
1,478,1
6,487,1
0,467,1
11,496,1
10,494,1
11,497,1
0,468,1
10,495,1
9,520,1
5,474,1
2,458,1
11,498,1
6,488,1
7,542,1
8,494,1
9,521,1
4,483,1
6,489,1
3,472,1
8,495,1
0,469,1
6,490,1
1,479,1
2,459,1
8,496,1
9,522,1
6,491,1
10,496,1
5,475,1
9,523,1
6,492,1
11,499,1
0,470,1
1,480,1
7,543,1
6,493,1
2,460,1
8,497,1
0,471,1
1,481,1
2,461,1
0,472,1
11,500,1
1,482,1
2,462,1
3,473,1
6,494,1
11,501,1
8,498,1
5,476,1
4,484,1
3,474,1
4,485,1
0,473,1
1,483,1
3,475,1
2,463,1
0,474,1
8,499,1
7,544,1
0,475,1
8,500,1
4,486,1
10,497,1
8,501,1
0,476,1
3,476,1
6,495,1
2,464,1
10,498,1
6,496,1
11,502,1
1,484,1
5,477,1
9,524,1
0,477,1
4,487,1
1,485,1
11,503,1
5,478,1
7,545,1
9,525,1
7,546,1
7,547,1
0,478,1
6,497,1
10,499,1
11,504,1
8,502,1
7,548,1
6,498,1
9,526,1
4,488,1
11,505,1
7,549,1
5,479,1
9,527,1
0,479,1
1,486,1
3,477,1
10,500,1
2,465,1
11,506,1
5,480,1
0,480,1
4,489,1
10,501,1
7,550,1
9,528,1
0,481,1
6,499,1
7,551,1
0,482,1
9,529,1
4,490,1
7,552,1
8,503,1
5,481,1
9,530,1
2,466,1
8,504,1
7,553,1
9,531,1
11,507,1
8,505,1
9,532,1
7,554,1
9,533,1
7,555,1
1,487,1
2,467,1
0,483,1
7,556,1
8,506,1
3,478,1
2,468,1
6,500,1
11,508,1
3,479,1
9,534,1
7,557,1
9,535,1
10,502,1
4,491,1
11,509,1
10,503,1
0,484,1
7,558,1
2,469,1
4,492,1
0,485,1
9,536,1
8,507,1
3,480,1
6,501,1
2,470,1
4,493,1
1,488,1
6,502,1
4,494,1
7,559,1
11,510,1
6,503,1
7,560,1
8,508,1
10,504,1
11,511,1
2,471,1
11,512,1
4,495,1
0,486,1
8,509,1
3,481,1
9,537,1
2,472,1
11,513,1
1,489,1
10,505,1
3,482,1
2,473,1
11,514,1
1,490,1
10,506,1
3,483,1
11,515,1
1,491,1
8,510,1
7,561,1
3,484,1
11,516,1
1,492,1
7,562,1
2,474,1
6,504,1
11,517,1
10,507,1
6,505,1
11,518,1
0,487,1
10,508,1
3,485,1
4,496,1
6,506,1
11,519,1
5,482,1
1,493,1
3,486,1
10,509,1
0,488,1
3,487,1
10,510,1
8,511,1
3,488,1
0,489,1
2,475,1
5,483,1
11,520,1
0,490,1
5,484,1
7,563,1
9,538,1
11,521,1
1,494,1
8,512,1
11,522,1
2,476,1
1,495,1
2,477,1
10,511,1
6,507,1
7,564,1
6,508,1
11,523,1
8,513,1
9,539,1
5,485,1
3,489,1
10,512,1
4,497,1
6,509,1
2,478,1
11,524,1
0,491,1
4,498,1
6,510,1
0,492,1
9,540,1
3,490,1
2,479,1
1,496,1
4,499,1
7,565,1
8,514,1
1,497,1
0,493,1
7,566,1
9,541,1
3,491,1
6,511,1
0,494,1
2,480,1
9,542,1
3,492,1
0,495,1
9,543,1
3,493,1
7,567,1
5,486,1
10,513,1
9,544,1
3,494,1
5,487,1
6,512,1
2,481,1
9,545,1
4,500,1
5,488,1
0,496,1
1,498,1
6,513,1
3,495,1
4,501,1
8,515,1
7,568,1
1,499,1
3,496,1
2,482,1
3,497,1
7,569,1
9,546,1
11,525,1
2,483,1
5,489,1
3,498,1
0,497,1
11,526,1
2,484,1
0,498,1
11,527,1
2,485,1
10,514,1
7,570,1
8,516,1
5,490,1
1,500,1
3,499,1
6,514,1
5,491,1
1,501,1
4,502,1
8,517,1
10,515,1
11,528,1
2,486,1
4,503,1
8,518,1
0,499,1
3,500,1
4,504,1
9,547,1
0,500,1
3,501,1
2,487,1
10,516,1
7,571,1
9,548,1
10,517,1
1,502,1
4,505,1
7,572,1
2,488,1
4,506,1
9,549,1
7,573,1
3,502,1
6,515,1
7,574,1
0,501,1
8,519,1
6,516,1
5,492,1
11,529,1
4,507,1
1,503,1
2,489,1
5,493,1
10,518,1
5,494,1
10,519,1
0,502,1
2,490,1
8,520,1
5,495,1
1,504,1
3,503,1
11,530,1
4,508,1
2,491,1
8,521,1
9,550,1
11,531,1
2,492,1
8,522,1
2,493,1
8,523,1
10,520,1
4,509,1
2,494,1
8,524,1
10,521,1
11,532,1
4,510,1
9,551,1
0,503,1
4,511,1
9,552,1
2,495,1
9,553,1
1,505,1
7,575,1
3,504,1
0,504,1
7,576,1
4,512,1
7,577,1
8,525,1
2,496,1
11,533,1
6,517,1
1,506,1
4,513,1
9,554,1
8,526,1
5,496,1
11,534,1
10,522,1
1,507,1
4,514,1
8,527,1
5,497,1
10,523,1
2,497,1
8,528,1
7,578,1
10,524,1
2,498,1
9,555,1
8,529,1
11,535,1
2,499,1
11,536,1
6,518,1
2,500,1
6,519,1
11,537,1
10,525,1
2,501,1
8,530,1
11,538,1
5,498,1
8,531,1
11,539,1
7,579,1
4,515,1
8,532,1
7,580,1
10,526,1
1,508,1
9,556,1
11,540,1
3,505,1
9,557,1
11,541,1
0,505,1
8,533,1
9,558,1
6,520,1
8,534,1
9,559,1
10,527,1
7,581,1
3,506,1
10,528,1
0,506,1
4,516,1
2,502,1
3,507,1
1,509,1
4,517,1
2,503,1
11,542,1
10,529,1
5,499,1
0,507,1
8,535,1
10,530,1
5,500,1
2,504,1
4,518,1
3,508,1
6,521,1
5,501,1
11,543,1
2,505,1
11,544,1
6,522,1
0,508,1
2,506,1
11,545,1
4,519,1
9,560,1
6,523,1
2,507,1
8,536,1
4,520,1
2,508,1
0,509,1
2,509,1
11,546,1
5,502,1
0,510,1
7,582,1
0,511,1
8,537,1
9,561,1
7,583,1
1,510,1
2,510,1
0,512,1
6,524,1
11,547,1
1,511,1
5,503,1
6,525,1
0,513,1
10,531,1
11,548,1
8,538,1
6,526,1
11,549,1
6,527,1
5,504,1
0,514,1
4,521,1
2,511,1
8,539,1
5,505,1
0,515,1
11,550,1
2,512,1
4,522,1
6,528,1
9,562,1
10,532,1
3,509,1
0,516,1
2,513,1
4,523,1
1,512,1
9,563,1
2,514,1
1,513,1
7,584,1
6,529,1
2,515,1
10,533,1
0,517,1
1,514,1
3,510,1
7,585,1
8,540,1
0,518,1
10,534,1
11,551,1
1,515,1
7,586,1
3,511,1
8,541,1
0,519,1
11,552,1
10,535,1
1,516,1
0,520,1
10,536,1
11,553,1
1,517,1
9,564,1
0,521,1
11,554,1
7,587,1
9,565,1
11,555,1
7,588,1
9,566,1
11,556,1
1,518,1
1,519,1
5,506,1
7,589,1
0,522,1
8,542,1
5,507,1
7,590,1
0,523,1
3,512,1
10,537,1
9,567,1
1,520,1
0,524,1
3,513,1
10,538,1
1,521,1
11,557,1
8,543,1
3,514,1
5,508,1
2,516,1
11,558,1
3,515,1
0,525,1
4,524,1
10,539,1
7,591,1
8,544,1
6,530,1
4,525,1
9,568,1
10,540,1
5,509,1
11,559,1
6,531,1
8,545,1
10,541,1
1,522,1
5,510,1
7,592,1
1,523,1
10,542,1
5,511,1
7,593,1
0,526,1
3,516,1
11,560,1
1,524,1
7,594,1
10,543,1
0,527,1
3,517,1
1,525,1
4,526,1
11,561,1
6,532,1
10,544,1
1,526,1
8,546,1
10,545,1
5,512,1
0,528,1
7,595,1
3,518,1
5,513,1
10,546,1
0,529,1
7,596,1
3,519,1
0,530,1
4,527,1
2,517,1
8,547,1
9,569,1
4,528,1
1,527,1
7,597,1
8,548,1
9,570,1
3,520,1
4,529,1
7,598,1
9,571,1
5,514,1
0,531,1
4,530,1
9,572,1
7,599,1
11,562,1
9,573,1
8,549,1
7,600,1
6,533,1
1,528,1
11,563,1
9,574,1
3,521,1
7,601,1
9,575,1
1,529,1
3,522,1
5,515,1
7,602,1
0,532,1
3,523,1
7,603,1
0,533,1
11,564,1
4,531,1
7,604,1
2,518,1
6,534,1
11,565,1
6,535,1
4,532,1
11,566,1
2,519,1
10,547,1
1,530,1
11,567,1
0,534,1
1,531,1
6,536,1
4,533,1
1,532,1
6,537,1
9,576,1
0,535,1
9,577,1
0,536,1
7,605,1
5,516,1
9,578,1
1,533,1
7,606,1
5,517,1
3,524,1
8,550,1
1,534,1
7,607,1
5,518,1
6,538,1
10,548,1
1,535,1
4,534,1
5,519,1
6,539,1
2,520,1
8,551,1
5,520,1
11,568,1
6,540,1
0,537,1
2,521,1
10,549,1
5,521,1
1,536,1
0,538,1
2,522,1
11,569,1
3,525,1
5,522,1
9,579,1
0,539,1
2,523,1
6,541,1
11,570,1
5,523,1
4,535,1
9,580,1
0,540,1
2,524,1
6,542,1
1,537,1
11,571,1
7,608,1
0,541,1
9,581,1
2,525,1
1,538,1
11,572,1
0,542,1
9,582,1
10,550,1
11,573,1
4,536,1
11,574,1
7,609,1
2,526,1
4,537,1
5,524,1
10,551,1
6,543,1
2,527,1
9,583,1
3,526,1
2,528,1
6,544,1
10,552,1
3,527,1
1,539,1
4,538,1
3,528,1
5,525,1
8,552,1
3,529,1
5,526,1
0,543,1
8,553,1
7,610,1
3,530,1
9,584,1
0,544,1
7,611,1
8,554,1
3,531,1
1,540,1
0,545,1
9,585,1
2,529,1
8,555,1
0,546,1
4,539,1
10,553,1
0,547,1
5,527,1
10,554,1
1,541,1
10,555,1
5,528,1
7,612,1
4,540,1
7,613,1
2,530,1
0,548,1
6,545,1
8,556,1
7,614,1
0,549,1
2,531,1
7,615,1
2,532,1
9,586,1
1,542,1
4,541,1
1,543,1
9,587,1
10,556,1
2,533,1
3,532,1
0,550,1
9,588,1
1,544,1
10,557,1
3,533,1
6,546,1
1,545,1
11,575,1
6,547,1
2,534,1
7,616,1
2,535,1
3,534,1
7,617,1
10,558,1
5,529,1
2,536,1
3,535,1
0,551,1
10,559,1
2,537,1
3,536,1
5,530,1
6,548,1
1,546,1
10,560,1
11,576,1
2,538,1
6,549,1
4,542,1
1,547,1
9,589,1
6,550,1
0,552,1
9,590,1
5,531,1
6,551,1
8,557,1
0,553,1
1,548,1
4,543,1
0,554,1
3,537,1
7,618,1
0,555,1
7,619,1
9,591,1
8,558,1
5,532,1
1,549,1
7,620,1
10,561,1
6,552,1
2,539,1
1,550,1
10,562,1
0,556,1
11,577,1
9,592,1
8,559,1
2,540,1
10,563,1
0,557,1
9,593,1
11,578,1
8,560,1
10,564,1
6,553,1
7,621,1
10,565,1
6,554,1
0,558,1
7,622,1
6,555,1
7,623,1
2,541,1
4,544,1
7,624,1
8,561,1
9,594,1
0,559,1
8,562,1
9,595,1
10,566,1
0,560,1
2,542,1
8,563,1
3,538,1
2,543,1
3,539,1
2,544,1
9,596,1
3,540,1
5,533,1
9,597,1
1,551,1
5,534,1
10,567,1
9,598,1
5,535,1
9,599,1
0,561,1
1,552,1
5,536,1
8,564,1
9,600,1
0,562,1
1,553,1
5,537,1
6,556,1
5,538,1
10,568,1
10,569,1
2,545,1
6,557,1
7,625,1
2,546,1
1,554,1
11,579,1
3,541,1
2,547,1
1,555,1
11,580,1
2,548,1
4,545,1
9,601,1
1,556,1
9,602,1
4,546,1
10,570,1
0,563,1
3,542,1
10,571,1
11,581,1
8,565,1
3,543,1
7,626,1
11,582,1
3,544,1
11,583,1
3,545,1
10,572,1
2,549,1
5,539,1
6,558,1
11,584,1
10,573,1
6,559,1
11,585,1
6,560,1
7,627,1
3,546,1
11,586,1
5,540,1
4,547,1
7,628,1
7,629,1
9,603,1
6,561,1
0,564,1
5,541,1
1,557,1
7,630,1
4,548,1
0,565,1
5,542,1
10,574,1
11,587,1
2,550,1
10,575,1
11,588,1
6,562,1
4,549,1
6,563,1
5,543,1
7,631,1
0,566,1
9,604,1
1,558,1
6,564,1
5,544,1
5,545,1
6,565,1
9,605,1
6,566,1
3,547,1
9,606,1
3,548,1
9,607,1
10,576,1
1,559,1
3,549,1
9,608,1
10,577,1
6,567,1
11,589,1
8,566,1
1,560,1
5,546,1
7,632,1
2,551,1
5,547,1
2,552,1
11,590,1
6,568,1
7,633,1
8,567,1
0,567,1
4,550,1
6,569,1
8,568,1
4,551,1
6,570,1
8,569,1
6,571,1
4,552,1
6,572,1
4,553,1
3,550,1
7,634,1
9,609,1
8,570,1
5,548,1
3,551,1
7,635,1
9,610,1
3,552,1
7,636,1
0,568,1
3,553,1
5,549,1
6,573,1
3,554,1
4,554,1
6,574,1
2,553,1
3,555,1
3,556,1
7,637,1
11,591,1
2,554,1
10,578,1
0,569,1
10,579,1
3,557,1
1,561,1
6,575,1
8,571,1
1,562,1
3,558,1
6,576,1
8,572,1
0,570,1
6,577,1
0,571,1
4,555,1
6,578,1
0,572,1
6,579,1
9,611,1
6,580,1
1,563,1
8,573,1
4,556,1
6,581,1
4,557,1
9,612,1
6,582,1
11,592,1
5,550,1
8,574,1
5,551,1
3,559,1
9,613,1
5,552,1
1,564,1
1,565,1
5,553,1
2,555,1
3,560,1
11,593,1
2,556,1
3,561,1
11,594,1
1,566,1
1,567,1
1,568,1
2,557,1
11,595,1
5,554,1
1,569,1
5,555,1
7,638,1
4,558,1
0,573,1
1,570,1
9,614,1
2,558,1
7,639,1
0,574,1
4,559,1
1,571,1
4,560,1
11,596,1
10,580,1
4,561,1
6,583,1
9,615,1
0,575,1
1,572,1
4,562,1
9,616,1
7,640,1
11,597,1
10,581,1
8,575,1
7,641,1
8,576,1
7,642,1
8,577,1
3,562,1
6,584,1
7,643,1
0,576,1
10,582,1
8,578,1
5,556,1
7,644,1
0,577,1
5,557,1
7,645,1
2,559,1
0,578,1
10,583,1
5,558,1
11,598,1
5,559,1
11,599,1
7,646,1
0,579,1
7,647,1
10,584,1
1,573,1
9,617,1
10,585,1
1,574,1
7,648,1
11,600,1
7,649,1
0,580,1
10,586,1
2,560,1
6,585,1
9,618,1
11,601,1
5,560,1
2,561,1
6,586,1
9,619,1
11,602,1
8,579,1
3,563,1
2,562,1
5,561,1
11,603,1
8,580,1
1,575,1
2,563,1
8,581,1
11,604,1
2,564,1
3,564,1
4,563,1
10,587,1
3,565,1
4,564,1
9,620,1
10,588,1
10,589,1
10,590,1
11,605,1
1,576,1
7,650,1
10,591,1
1,577,1
7,651,1
4,565,1
7,652,1
11,606,1
4,566,1
10,592,1
8,582,1
1,578,1
2,565,1
0,581,1
1,579,1
2,566,1
0,582,1
3,566,1
6,587,1
9,621,1
1,580,1
4,567,1
1,581,1
10,593,1
3,567,1
11,607,1
8,583,1
4,568,1
3,568,1
8,584,1
10,594,1
7,653,1
6,588,1
8,585,1
3,569,1
10,595,1
1,582,1
7,654,1
5,562,1
4,569,1
5,563,1
4,570,1
11,608,1
2,567,1
0,583,1
10,596,1
2,568,1
8,586,1
0,584,1
5,564,1
10,597,1
8,587,1
11,609,1
6,589,1
7,655,1
2,569,1
6,590,1
7,656,1
3,570,1
8,588,1
6,591,1
11,610,1
3,571,1
6,592,1
3,572,1
11,611,1
7,657,1
11,612,1
7,658,1
2,570,1
11,613,1
7,659,1
5,565,1
9,622,1
2,571,1
11,614,1
3,573,1
5,566,1
11,615,1
5,567,1
3,574,1
10,598,1
1,583,1
10,599,1
4,571,1
1,584,1
0,585,1
9,623,1
1,585,1
6,593,1
5,568,1
10,600,1
1,586,1
10,601,1
4,572,1
8,589,1
1,587,1
6,594,1
4,573,1
7,660,1
8,590,1
5,569,1
1,588,1
4,574,1
7,661,1
8,591,1
5,570,1
4,575,1
8,592,1
0,586,1
6,595,1
2,572,1
10,602,1
3,575,1
4,576,1
1,589,1
7,662,1
4,577,1
1,590,1
4,578,1
0,587,1
10,603,1
2,573,1
10,604,1
8,593,1
8,594,1
10,605,1
2,574,1
2,575,1
8,595,1
10,606,1
11,616,1
10,607,1
3,576,1
4,579,1
10,608,1
6,596,1
8,596,1
3,577,1
7,663,1
1,591,1
5,571,1
10,609,1
7,664,1
1,592,1
2,576,1
1,593,1
6,597,1
1,594,1
4,580,1
6,598,1
6,599,1
3,578,1
9,624,1
10,610,1
2,577,1
3,579,1
9,625,1
10,611,1
7,665,1
9,626,1
10,612,1
11,617,1
7,666,1
9,627,1
10,613,1
3,580,1
11,618,1
7,667,1
7,668,1
7,669,1
4,581,1
10,614,1
6,600,1
3,581,1
5,572,1
11,619,1
1,595,1
4,582,1
7,670,1
5,573,1
10,615,1
1,596,1
5,574,1
3,582,1
3,583,1
10,616,1
4,583,1
3,584,1
10,617,1
6,601,1
1,597,1
5,575,1
0,588,1
7,671,1
3,585,1
9,628,1
2,578,1
3,586,1
6,602,1
9,629,1
3,587,1
2,579,1
0,589,1
10,618,1
9,630,1
10,619,1
9,631,1
8,597,1
11,620,1
2,580,1
0,590,1
9,632,1
8,598,1
2,581,1
2,582,1
9,633,1
3,588,1
3,589,1
1,598,1
2,583,1
1,599,1
6,603,1
7,672,1
9,634,1
1,600,1
7,673,1
6,604,1
9,635,1
3,590,1
1,601,1
1,602,1
11,621,1
11,622,1
9,636,1
1,603,1
11,623,1
8,599,1
1,604,1
5,576,1
1,605,1
0,591,1
8,600,1
0,592,1
8,601,1
9,637,1
4,584,1
5,577,1
6,605,1
0,593,1
2,584,1
11,624,1
6,606,1
5,578,1
3,591,1
10,620,1
11,625,1
8,602,1
9,638,1
10,621,1
4,585,1
11,626,1
9,639,1
10,622,1
2,585,1
5,579,1
11,627,1
9,640,1
2,586,1
6,607,1
9,641,1
2,587,1
2,588,1
3,592,1
10,623,1
9,642,1
5,580,1
3,593,1
10,624,1
9,643,1
2,589,1
5,581,1
0,594,1
7,674,1
9,644,1
6,608,1
8,603,1
2,590,1
8,604,1
7,675,1
4,586,1
9,645,1
8,605,1
5,582,1
7,676,1
6,609,1
9,646,1
5,583,1
0,595,1
9,647,1
3,594,1
6,610,1
11,628,1
0,596,1
5,584,1
0,597,1
5,585,1
6,611,1
0,598,1
5,586,1
1,606,1
5,587,1
7,677,1
0,599,1
10,625,1
0,600,1
5,588,1
8,606,1
8,607,1
4,587,1
5,589,1
10,626,1
3,595,1
5,590,1
8,608,1
1,607,1
9,648,1
9,649,1
3,596,1
0,601,1
5,591,1
9,650,1
7,678,1
1,608,1
8,609,1
3,597,1
6,612,1
2,591,1
7,679,1
9,651,1
1,609,1
9,652,1
6,613,1
0,602,1
5,592,1
4,588,1
5,593,1
7,680,1
6,614,1
7,681,1
10,627,1
2,592,1
6,615,1
7,682,1
3,598,1
2,593,1
10,628,1
5,594,1
3,599,1
4,589,1
7,683,1
4,590,1
8,610,1
2,594,1
1,610,1
4,591,1
3,600,1
11,629,1
2,595,1
7,684,1
4,592,1
0,603,1
10,629,1
2,596,1
3,601,1
6,616,1
3,602,1
11,630,1
0,604,1
11,631,1
6,617,1
9,653,1
7,685,1
8,611,1
9,654,1
4,593,1
6,618,1
1,611,1
8,612,1
4,594,1
6,619,1
1,612,1
11,632,1
8,613,1
11,633,1
7,686,1
11,634,1
7,687,1
4,595,1
6,620,1
11,635,1
7,688,1
0,605,1
10,630,1
6,621,1
11,636,1
10,631,1
1,613,1
10,632,1
7,689,1
9,655,1
1,614,1
5,595,1
10,633,1
7,690,1
11,637,1
7,691,1
1,615,1
6,622,1
8,614,1
1,616,1
2,597,1
7,692,1
3,603,1
2,598,1
11,638,1
7,693,1
3,604,1
5,596,1
10,634,1
11,639,1
10,635,1
4,596,1
10,636,1
3,605,1
2,599,1
6,623,1
9,656,1
5,597,1
2,600,1
9,657,1
5,598,1
2,601,1
4,597,1
1,617,1
0,606,1
5,599,1
6,624,1
10,637,1
4,598,1
1,618,1
5,600,1
0,607,1
10,638,1
1,619,1
5,601,1
10,639,1
10,640,1
1,620,1
10,641,1
4,599,1
3,606,1
2,602,1
8,615,1
1,621,1
7,694,1
6,625,1
11,640,1
9,658,1
6,626,1
10,642,1
11,641,1
4,600,1
8,616,1
5,602,1
7,695,1
4,601,1
11,642,1
8,617,1
8,618,1
4,602,1
11,643,1
3,607,1
2,603,1
1,622,1
5,603,1
2,604,1
8,619,1
9,659,1
6,627,1
7,696,1
8,620,1
9,660,1
1,623,1
7,697,1
8,621,1
11,644,1
1,624,1
2,605,1
0,608,1
0,609,1
9,661,1
2,606,1
1,625,1
6,628,1
9,662,1
1,626,1
0,610,1
1,627,1
6,629,1
0,611,1
7,698,1
0,612,1
7,699,1
5,604,1
2,607,1
5,605,1
9,663,1
1,628,1
4,603,1
2,608,1
9,664,1
9,665,1
7,700,1
6,630,1
1,629,1
2,609,1
10,643,1
1,630,1
9,666,1
2,610,1
8,622,1
6,631,1
3,608,1
1,631,1
4,604,1
0,613,1
0,614,1
2,611,1
4,605,1
7,701,1
3,609,1
6,632,1
0,615,1
1,632,1
3,610,1
6,633,1
9,667,1
1,633,1
6,634,1
1,634,1
4,606,1
6,635,1
3,611,1
11,645,1
10,644,1
4,607,1
6,636,1
5,606,1
8,623,1
9,668,1
5,607,1
0,616,1
5,608,1
10,645,1
9,669,1
6,637,1
9,670,1
5,609,1
1,635,1
5,610,1
9,671,1
1,636,1
3,612,1
5,611,1
9,672,1
9,673,1
1,637,1
9,674,1
1,638,1
2,612,1
9,675,1
1,639,1
6,638,1
2,613,1
2,614,1
7,702,1
11,646,1
3,613,1
11,647,1
0,617,1
2,615,1
4,608,1
3,614,1
10,646,1
3,615,1
9,676,1
2,616,1
9,677,1
7,703,1
11,648,1
9,678,1
2,617,1
6,639,1
10,647,1
6,640,1
6,641,1
8,624,1
7,704,1
11,649,1
5,612,1
11,650,1
1,640,1
1,641,1
5,613,1
7,705,1
3,616,1
7,706,1
4,609,1
11,651,1
9,679,1
2,618,1
8,625,1
4,610,1
7,707,1
9,680,1
8,626,1
7,708,1
4,611,1
9,681,1
3,617,1
7,709,1
2,619,1
5,614,1
2,620,1
6,642,1
11,652,1
2,621,1
7,710,1
5,615,1
8,627,1
5,616,1
7,711,1
3,618,1
11,653,1
2,622,1
9,682,1
5,617,1
6,643,1
2,623,1
1,642,1
8,628,1
9,683,1
5,618,1
9,684,1
2,624,1
0,618,1
11,654,1
2,625,1
10,648,1
11,655,1
9,685,1
9,686,1
8,629,1
9,687,1
8,630,1
4,612,1
0,619,1
3,619,1
8,631,1
2,626,1
11,656,1
6,644,1
0,620,1
3,620,1
6,645,1
4,613,1
6,646,1
8,632,1
4,614,1
6,647,1
0,621,1
1,643,1
8,633,1
0,622,1
1,644,1
11,657,1
3,621,1
1,645,1
11,658,1
3,622,1
1,646,1
3,623,1
1,647,1
5,619,1
3,624,1
5,620,1
5,621,1
0,623,1
8,634,1
7,712,1
4,615,1
1,648,1
4,616,1
0,624,1
1,649,1
7,713,1
5,622,1
6,648,1
2,627,1
9,688,1
2,628,1
7,714,1
3,625,1
2,629,1
6,649,1
1,650,1
1,651,1
4,617,1
8,635,1
6,650,1
6,651,1
11,659,1
1,652,1
2,630,1
0,625,1
4,618,1
9,689,1
5,623,1
1,653,1
5,624,1
11,660,1
7,715,1
3,626,1
7,716,1
4,619,1
3,627,1
10,649,1
4,620,1
10,650,1
1,654,1
5,625,1
11,661,1
9,690,1
5,626,1
0,626,1
4,621,1
0,627,1
9,691,1
3,628,1
9,692,1
7,717,1
8,636,1
3,629,1
3,630,1
4,622,1
9,693,1
0,628,1
10,651,1
4,623,1
7,718,1
6,652,1
0,629,1
5,627,1
7,719,1
3,631,1
4,624,1
5,628,1
3,632,1
6,653,1
0,630,1
3,633,1
6,654,1
9,694,1
5,629,1
8,637,1
3,634,1
3,635,1
2,631,1
6,655,1
2,632,1
9,695,1
6,656,1
11,662,1
0,631,1
1,655,1
4,625,1
0,632,1
1,656,1
2,633,1
4,626,1
6,657,1
1,657,1
9,696,1
11,663,1
9,697,1
1,658,1
9,698,1
1,659,1
8,638,1
6,658,1
9,699,1
1,660,1
6,659,1
1,661,1
10,652,1
7,720,1
8,639,1
0,633,1
3,636,1
8,640,1
4,627,1
1,662,1
3,637,1
8,641,1
1,663,1
2,634,1
4,628,1
1,664,1
1,665,1
4,629,1
7,721,1
1,666,1
5,630,1
10,653,1
0,634,1
1,667,1
11,664,1
0,635,1
2,635,1
6,660,1
11,665,1
0,636,1
10,654,1
3,638,1
11,666,1
4,630,1
10,655,1
4,631,1
1,668,1
7,722,1
10,656,1
7,723,1
10,657,1
7,724,1
10,658,1
0,637,1
0,638,1
11,667,1
9,700,1
11,668,1
7,725,1
5,631,1
1,669,1
10,659,1
11,669,1
2,636,1
7,726,1
1,670,1
0,639,1
3,639,1
0,640,1
3,640,1
4,632,1
8,642,1
11,670,1
0,641,1
4,633,1
1,671,1
6,661,1
10,660,1
0,642,1
10,661,1
7,727,1
9,701,1
5,632,1
1,672,1
11,671,1
5,633,1
6,662,1
3,641,1
1,673,1
5,634,1
3,642,1
1,674,1
5,635,1
1,675,1
3,643,1
1,676,1
5,636,1
1,677,1
9,702,1
1,678,1
9,703,1
3,644,1
1,679,1
3,645,1
4,634,1
1,680,1
4,635,1
8,643,1
11,672,1
4,636,1
8,644,1
4,637,1
0,643,1
5,637,1
0,644,1
3,646,1
9,704,1
11,673,1
11,674,1
8,645,1
7,728,1
11,675,1
8,646,1
8,647,1
10,662,1
4,638,1
9,705,1
10,663,1
0,645,1
4,639,1
0,646,1
10,664,1
1,681,1
4,640,1
6,663,1
9,706,1
4,641,1
1,682,1
6,664,1
4,642,1
0,647,1
2,637,1
5,638,1
4,643,1
0,648,1
5,639,1
5,640,1
3,647,1
5,641,1
4,644,1
6,665,1
8,648,1
8,649,1
5,642,1
9,707,1
6,666,1
6,667,1
9,708,1
8,650,1
6,668,1
9,709,1
6,669,1
3,648,1
8,651,1
4,645,1
4,646,1
8,652,1
6,670,1
8,653,1
8,654,1
0,649,1
7,729,1
5,643,1
0,650,1
8,655,1
3,649,1
8,656,1
1,683,1
0,651,1
1,684,1
2,638,1
9,710,1
0,652,1
6,671,1
4,647,1
0,653,1
10,665,1
11,676,1
4,648,1
8,657,1
0,654,1
10,666,1
11,677,1
10,667,1
10,668,1
9,711,1
6,672,1
10,669,1
6,673,1
5,644,1
6,674,1
2,639,1
9,712,1
6,675,1
8,658,1
10,670,1
2,640,1
9,713,1
6,676,1
8,659,1
10,671,1
5,645,1
2,641,1
6,677,1
5,646,1
1,685,1
4,649,1
6,678,1
1,686,1
6,679,1
3,650,1
1,687,1
4,650,1
1,688,1
3,651,1
1,689,1
3,652,1
7,730,1
10,672,1
3,653,1
4,651,1
10,673,1
3,654,1
11,678,1
4,652,1
7,731,1
3,655,1
7,732,1
3,656,1
3,657,1
7,733,1
4,653,1
8,660,1
3,658,1
0,655,1
3,659,1
2,642,1
0,656,1
3,660,1
3,661,1
7,734,1
11,679,1
6,680,1
8,661,1
8,662,1
4,654,1
7,735,1
3,662,1
1,690,1
11,680,1
4,655,1
7,736,1
1,691,1
10,674,1
4,656,1
7,737,1
1,692,1
6,681,1
4,657,1
10,675,1
6,682,1
8,663,1
10,676,1
5,647,1
8,664,1
10,677,1
7,738,1
1,693,1
9,714,1
7,739,1
1,694,1
3,663,1
1,695,1
7,740,1
1,696,1
5,648,1
5,649,1
10,678,1
6,683,1
9,715,1
3,664,1
9,716,1
9,717,1
8,665,1
1,697,1
7,741,1
9,718,1
0,657,1
1,698,1
10,679,1
4,658,1
1,699,1
10,680,1
1,700,1
9,719,1
1,701,1
10,681,1
10,682,1
2,643,1
8,666,1
10,683,1
1,702,1
2,644,1
8,667,1
6,684,1
9,720,1
7,742,1
9,721,1
5,650,1
10,684,1
7,743,1
11,681,1
9,722,1
8,668,1
5,651,1
11,682,1
2,645,1
5,652,1
10,685,1
11,683,1
4,659,1
7,744,1
4,660,1
7,745,1
4,661,1
6,685,1
2,646,1
7,746,1
8,669,1
4,662,1
6,686,1
7,747,1
0,658,1
4,663,1
9,723,1
4,664,1
4,665,1
11,684,1
0,659,1
4,666,1
1,703,1
7,748,1
4,667,1
4,668,1
8,670,1
3,665,1
9,724,1
4,669,1
10,686,1
8,671,1
4,670,1
8,672,1
6,687,1
9,725,1
2,647,1
10,687,1
2,648,1
10,688,1
2,649,1
10,689,1
5,653,1
4,671,1
11,685,1
4,672,1
4,673,1
2,650,1
3,666,1
6,688,1
6,689,1
11,686,1
10,690,1
5,654,1
11,687,1
11,688,1
10,691,1
1,704,1
7,749,1
10,692,1
4,674,1
10,693,1
5,655,1
0,660,1
6,690,1
4,675,1
1,705,1
5,656,1
4,676,1
11,689,1
1,706,1
1,707,1
9,726,1
4,677,1
11,690,1
9,727,1
11,691,1
10,694,1
9,728,1
10,695,1
9,729,1
6,691,1
11,692,1
4,678,1
2,651,1
1,708,1
5,657,1
10,696,1
5,658,1
10,697,1
3,667,1
5,659,1
4,679,1
3,668,1
4,680,1
3,669,1
5,660,1
3,670,1
5,661,1
3,671,1
5,662,1
3,672,1
1,709,1
5,663,1
5,664,1
0,661,1
3,673,1
0,662,1
5,665,1
8,673,0
7,750,1
5,666,1
6,692,1
8,674,1
3,674,1
1,710,1
10,698,1
8,675,1
4,681,1
11,693,1
10,699,1
11,694,1
11,695,1
10,700,1
10,701,1
1,711,1
8,676,1
1,712,1
9,730,1
9,731,1
10,702,1
9,732,1
9,733,1
11,696,1
9,734,1
9,735,1
6,693,1
9,736,1
9,737,1
8,677,1
9,738,1
5,667,1
9,739,1
5,668,1
8,678,1
10,703,1
10,704,1
10,705,1
2,652,1
3,675,1
10,706,1
10,707,1
2,653,1
2,654,1
3,676,1
11,697,1
4,682,1
11,698,1
0,663,1
8,679,1
10,708,1
2,655,1
10,709,1
7,751,1
10,710,1
9,740,1
7,752,1
7,753,1
0,664,1
7,754,1
9,741,1
0,665,1
0,666,1
1,713,1
11,699,1
6,694,1
11,700,1
1,714,1
1,715,1
5,669,1
6,695,1
9,742,1
3,677,1
0,667,1
2,656,1
8,680,1
1,716,1
1,717,1
5,670,1
10,711,1
10,712,1
0,668,1
6,696,1
0,669,1
4,683,1
5,671,1
6,697,1
6,698,1
6,699,1
8,681,1
3,678,1
8,682,1
3,679,1
5,672,1
11,701,1
5,673,1
10,713,1
10,714,1
9,743,1
9,744,1
5,674,1
3,680,1
9,745,1
7,755,0
11,702,1
7,756,1
4,684,1
7,757,1
11,703,1
0,670,1
1,718,1
0,671,1
4,685,1
2,657,1
7,758,1
4,686,1
1,719,1
9,746,1
4,687,1
1,720,1
4,688,1
11,704,1
0,672,1
6,700,1
3,681,1
5,675,1
0,673,1
3,682,1
6,701,1
9,747,1
0,674,1
10,715,1
4,689,1
3,683,1
10,716,1
11,705,1
9,748,1
11,706,1
7,759,1
6,702,1
3,684,1
9,749,1
7,760,1
10,717,1
3,685,1
6,703,1
9,750,1
10,718,1
5,676,1
10,719,1
5,677,1
10,720,1
1,721,1
1,722,1
1,723,1
8,683,0
1,724,1
8,684,1
10,721,1
8,685,1
8,686,1
10,722,1
5,678,1
9,751,1
3,686,1
9,752,1
2,658,1
3,687,1
2,659,1
9,753,1
10,723,1
8,687,1
2,660,1
6,704,1
2,661,1
6,705,1
11,707,1
2,662,1
7,761,1
1,725,1
2,663,1
4,690,1
1,726,1
2,664,1
4,691,1
11,708,1
2,665,1
7,762,1
2,666,1
7,763,1
5,679,1
4,692,1
6,706,1
9,754,1
6,707,1
9,755,1
8,688,1
9,756,1
9,757,1
7,764,1
3,688,1
7,765,1
9,758,1
5,680,1
0,675,1
9,759,1
9,760,1
6,708,1
1,727,1
9,761,1
6,709,1
2,667,1
4,693,1
4,694,1
6,710,1
11,709,1
11,710,1
3,689,1
9,762,1
6,711,1
9,763,1
6,712,1
9,764,1
11,711,1
11,712,1
5,681,1
5,682,1
7,766,1
2,668,1
3,690,1
5,683,1
7,767,1
9,765,1
3,691,1
9,766,1
10,724,1
2,669,1
0,676,1
9,767,1
10,725,1
9,768,1
0,677,1
11,713,1
9,769,1
9,770,1
1,728,1
4,695,1
10,726,1
11,714,1
11,715,1
7,768,1
8,689,0
7,769,1
8,690,1
3,692,1
9,771,1
4,696,1
3,693,1
9,772,1
8,691,1
6,713,1
9,773,1
11,716,1
8,692,1
6,714,1
11,717,1
4,697,1
6,715,1
11,718,1
4,698,1
11,719,1
4,699,1
11,720,1
4,700,1
11,721,1
4,701,1
3,694,1
11,722,1
10,727,1
10,728,1
10,729,1
8,693,1
7,770,1
5,684,1
0,678,1
9,774,1
9,775,1
3,695,1
2,670,1
6,716,1
11,723,1
4,702,1
4,703,1
1,729,0
4,704,1
1,730,1
4,705,1
5,685,1
7,771,1
8,694,1
1,731,1
4,706,1
3,696,1
8,695,1
8,696,1
7,772,1
9,776,1
6,717,1
6,718,1
3,697,1
6,719,1
7,773,1
9,777,1
8,697,1
3,698,1
4,707,1
3,699,1
4,708,1
9,778,1
2,671,1
8,698,1
10,730,0
3,700,1
5,686,1
3,701,1
1,732,1
3,702,1
1,733,1
0,679,0
3,703,1
10,731,1
3,704,1
10,732,1
3,705,1
10,733,1
10,734,1
0,680,1
0,681,1
0,682,1
3,706,1
5,687,1
0,683,1
11,724,0
4,709,1
4,710,1
6,720,1
2,672,1
2,673,1
4,711,1
4,712,1
10,735,1
10,736,1
11,725,1
1,734,1
9,779,1
10,737,1
0,684,1
9,780,1
9,781,1
6,721,1
6,722,1
6,723,1
8,699,1
1,735,1
1,736,1
1,737,1
6,724,1
1,738,1
9,782,1
3,707,1
7,774,0
1,739,1
1,740,1
1,741,1
1,742,1
2,674,1
3,708,1
2,675,1
1,743,1
1,744,1
10,738,1
6,725,1
10,739,1
6,726,1
0,685,1
10,740,1
7,775,1
6,727,1
0,686,1
10,741,1
7,776,1
10,742,1
7,777,1
8,700,1
8,701,1
7,778,1
3,709,1
3,710,1
6,728,1
0,687,1
3,711,1
8,702,1
3,712,1
5,688,0
3,713,1
5,689,1
5,690,1
5,691,1
1,745,1
4,713,0
4,714,1
5,692,1
4,715,1
11,726,0
4,716,1
11,727,1
3,714,1
7,779,1
10,743,1
7,780,1
7,781,1
10,744,1
10,745,1
8,703,1
10,746,1
0,688,1
0,689,1
3,715,1
9,783,0
0,690,1
2,676,0
3,716,1
11,728,1
8,704,1
11,729,1
11,730,1
2,677,1
0,691,1
11,731,1
5,693,1
1,746,1
1,747,1
2,678,1
6,729,0
6,730,1
6,731,1
8,705,1
7,782,1
7,783,1
2,679,1
6,732,1
10,747,1
10,748,1
10,749,1
4,717,0
0,692,1
5,694,1
11,732,1
11,733,1
10,750,1
1,748,1
3,717,1
3,718,1
8,706,1
4,718,1
7,784,1
5,695,1
2,680,1
1,749,1
0,693,1
6,733,1
0,694,1
0,695,1
4,719,1
7,785,1
9,784,0
4,720,1
9,785,1
9,786,1
7,786,1
11,734,1
6,734,1
4,721,1
2,681,1
4,722,1
2,682,1
6,735,1
5,696,1
10,751,1
7,787,1
0,696,1
7,788,1
0,697,1
6,736,1
2,683,1
7,789,1
6,737,1
9,787,1
7,790,1
0,698,1
0,699,1
10,752,1
7,791,1
10,753,1
10,754,1
10,755,1
3,719,0
8,707,0
8,708,1
8,709,1
1,750,0
11,735,1
9,788,1
6,738,1
3,720,1
4,723,0
10,756,1
8,710,1
10,757,1
1,751,1
8,711,1
10,758,1
1,752,1
8,712,1
5,697,0
4,724,1
4,725,1
7,792,1
5,698,1
2,684,0
2,685,1
2,686,1
7,793,1
0,700,0
7,794,1
3,721,1
4,726,1
5,699,1
0,701,1
7,795,1
11,736,1
6,739,1
6,740,1
8,713,1
6,741,1
9,789,0
9,790,1
9,791,1
7,796,1
7,797,1
0,702,1
9,792,1
9,793,1
10,759,0
1,753,0
8,714,1
1,754,1
8,715,1
0,703,1
8,716,1
0,704,1
0,705,1
11,737,1
2,687,0
6,742,1
6,743,1
1,755,1
9,794,1
9,795,1
10,760,1
7,798,1
9,796,1
10,761,1
9,797,1
10,762,1
9,798,1
3,722,1
10,763,1
3,723,1
10,764,1
11,738,1
3,724,1
7,799,1
10,765,1
10,766,1
8,717,1
9,799,1
4,727,0
11,739,1
9,800,1
11,740,1
10,767,1
5,700,0
3,725,1
10,768,1
5,701,1
9,801,1
10,769,1
5,702,1
9,802,1
4,728,1
9,803,1
9,804,1
10,770,1
4,729,1
9,805,1
3,726,1
9,806,1
3,727,1
9,807,1
0,706,1
0,707,1
10,771,1
0,708,1
10,772,1
0,709,1
11,741,1
10,773,1
9,808,1
10,774,1
9,809,1
4,730,1
6,744,1
8,718,1
6,745,1
4,731,1
4,732,1
4,733,1
10,775,1
2,688,0
4,734,1
10,776,1
8,719,1
4,735,1
8,720,1
8,721,1
1,756,0
7,800,1
8,722,1
1,757,1
5,703,1
7,801,1
5,704,1
7,802,1
5,705,1
11,742,1
6,746,1
7,803,1
7,804,1
1,758,1
1,759,1
1,760,1
7,805,1
7,806,1
2,689,1
11,743,1
3,728,0
1,761,1
11,744,1
3,729,1
2,690,1
11,745,1
11,746,1
11,747,1
11,748,1
0,710,0
11,749,1
6,747,1
1,762,1
9,810,0
2,691,1
11,750,1
3,730,1
2,692,1
11,751,1
3,731,1
2,693,1
6,748,1
6,749,1
3,732,1
10,777,0
4,736,0
4,737,1
10,778,1
5,706,1
10,779,1
5,707,1
8,723,0
10,780,1
8,724,1
10,781,1
8,725,1
1,763,1
10,782,1
2,694,1
2,695,1
2,696,1
7,807,1
2,697,1
4,738,1
11,752,1
11,753,1
6,750,1
11,754,1
6,751,1
0,711,1
6,752,1
6,753,1
9,811,0
3,733,1
3,734,1
3,735,1
3,736,1
7,808,1
2,698,1
5,708,0
10,783,1
8,726,0
10,784,1
1,764,0
4,739,1
4,740,1
6,754,1
6,755,1
6,756,1
6,757,1
11,755,1
6,758,1
11,756,1
6,759,1
5,709,1
6,760,1
8,727,1
3,737,1
0,712,0
0,713,1
0,714,1
2,699,1
2,700,1
9,812,0
9,813,1
3,738,1
7,809,0
0,715,1
9,814,1
7,810,1
10,785,0
1,765,0
2,701,1
7,811,1
0,716,1
2,702,1
4,741,0
7,812,1
2,703,1
0,717,1
7,813,1
1,766,1
2,704,1
0,718,1
7,814,1
7,815,1
7,816,1
7,817,1
1,767,1
11,757,0
7,818,1
5,710,1
1,768,1
3,739,1
11,758,1
7,819,1
6,761,0
8,728,0
3,740,1
7,820,1
3,741,1
7,821,1
7,822,1
7,823,1
0,719,1
3,742,1
8,729,1
4,742,1
6,762,1
0,720,1
6,763,1
6,764,1
0,721,1
0,722,1
0,723,1
10,786,1
10,787,1
11,759,1
11,760,1
8,730,1
9,815,0
3,743,1
0,724,1
2,705,0
2,706,1
10,788,1
10,789,1
5,711,0
1,769,0
6,765,1
1,770,1
7,824,0
7,825,1
11,761,1
8,731,1
11,762,1
4,743,0
5,712,1
4,744,1
2,707,1
9,816,1
6,766,1
6,767,1
1,771,1
11,763,1
11,764,1
4,745,1
4,746,1
1,772,1
7,826,1
10,790,1
10,791,1
11,765,1
6,768,1
11,766,1
6,769,1
11,767,1
4,747,1
6,770,1
10,792,1
4,748,1
11,768,1
11,769,1
3,744,0
0,725,0
11,770,1
11,771,1
0,726,1
0,727,1
6,771,1
0,728,1
0,729,1
2,708,1
0,730,1
2,709,1
8,732,1
8,733,1
3,745,1
3,746,1
10,793,1
5,713,0
6,772,1
9,817,0
1,773,1
1,774,1
2,710,1
6,773,1
8,734,1
2,711,1
8,735,1
7,827,0
9,818,1
5,714,1
9,819,1
5,715,1
10,794,1
9,820,1
5,716,1
9,821,1
5,717,1
5,718,1
4,749,0
11,772,0
7,828,1
7,829,1
0,731,1
0,732,1
10,795,1
10,796,1
11,773,1
10,797,1
11,774,1
11,775,1
3,747,0
4,750,1
5,719,1
4,751,1
5,720,1
5,721,1
5,722,1
5,723,1
5,724,1
3,748,1
3,749,1
1,775,0
10,798,1
6,774,0
7,830,1
2,712,0
8,736,0
8,737,1
8,738,1
9,822,0
6,775,1
6,776,1
0,733,0
11,776,0
9,823,1
8,739,1
4,752,0
7,831,1
7,832,1
5,725,0
5,726,1
5,727,1
9,824,1
4,753,1
1,776,1
3,750,1
4,754,1
11,777,1
3,751,1
3,752,1
3,753,1
11,778,1
10,799,0
3,754,1
10,800,1
3,755,1
2,713,0
3,756,1
3,757,1
3,758,1
3,759,1
7,833,1
6,777,1
7,834,1
7,835,1
7,836,1
6,778,1
6,779,1
8,740,1
2,714,1
6,780,1
2,715,1
6,781,1
3,760,1
7,837,1
0,734,1
9,825,1
7,838,1
2,716,1
9,826,1
2,717,1
2,718,1
0,735,1
7,839,1
7,840,1
11,779,1
11,780,1
6,782,1
11,781,1
11,782,1
2,719,1
2,720,1
5,728,0
2,721,1
1,777,0
4,755,0
1,778,1
0,736,1
1,779,1
0,737,1
1,780,1
9,827,1
9,828,1
10,801,0
10,802,1
2,722,1
2,723,1
11,783,1
4,756,1
1,781,1
4,757,1
4,758,1
9,829,1
9,830,1
8,741,0
2,724,1
10,803,1
2,725,1
3,761,0
10,804,1
10,805,1
1,782,1
1,783,1
7,841,0
7,842,1
11,784,1
6,783,0
11,785,1
6,784,1
11,786,1
6,785,1
11,787,1
3,762,1
3,763,1
4,759,1
1,784,1
5,729,0
7,843,1
5,730,1
0,738,0
8,742,1
9,831,0
2,726,0
10,806,0
1,785,1
0,739,1
7,844,1
7,845,1
7,846,1
7,847,1
4,760,1
10,807,1
10,808,1
6,786,0
11,788,0
6,787,1
11,789,1
6,788,1
11,790,1
6,789,1
11,791,1
11,792,1
3,764,0
7,848,1
10,809,1
6,790,1
10,810,1
5,731,0
10,811,1
8,743,1
3,765,1
8,744,1
8,745,1
10,812,1
4,761,1
1,786,1
1,787,1
5,732,1
5,733,1
1,788,1
9,832,0
5,734,1
1,789,1
5,735,1
7,849,1
7,850,1
2,727,0
7,851,1
0,740,0
5,736,1
0,741,1
5,737,1
6,791,1
5,738,1
6,792,1
2,728,1
10,813,1
4,762,1
10,814,1
3,766,1
4,763,1
3,767,1
11,793,0
11,794,1
9,833,1
9,834,1
0,742,1
8,746,1
7,852,1
5,739,1
5,740,1
2,729,1
2,730,1
5,741,1
2,731,1
5,742,1
1,790,0
10,815,1
0,743,1
6,793,0
6,794,1
4,764,0
8,747,1
11,795,1
3,768,0
10,816,1
10,817,1
10,818,1
9,835,0
9,836,1
9,837,1
9,838,1
7,853,0
7,854,1
7,855,1
7,856,1
7,857,1
2,732,0
5,743,0
2,733,1
1,791,0
1,792,1
0,744,0
4,765,1
6,795,0
6,796,1
8,748,0
11,796,0
3,769,0
8,749,1
1,793,1
1,794,1
10,819,0
9,839,0
5,744,1
7,858,0
5,745,1
2,734,1
2,735,1
0,745,0
4,766,1
4,767,1
6,797,0
7,859,1
8,750,1
11,797,0
3,770,0
8,751,1
8,752,1
1,795,0
8,753,1
9,840,1
8,754,1
8,755,1
10,820,0
8,756,1
10,821,1
10,822,1
8,757,1
8,758,1
1,796,1
0,746,1
5,746,0
5,747,1
2,736,0
11,798,1
2,737,1
10,823,1
4,768,0
7,860,1
7,861,1
6,798,0
7,862,1
0,747,1
8,759,1
3,771,0
8,760,1
9,841,0
1,797,1
3,772,1
10,824,1
8,761,1
1,798,1
3,773,1
3,774,1
0,748,1
3,775,1
5,748,0
11,799,0
2,738,0
11,800,1
2,739,1
11,801,1
2,740,1
2,741,1
5,749,1
5,750,1
5,751,1
4,769,0
6,799,0
3,776,1
7,863,0
7,864,1
7,865,1
9,842,1
9,843,1
9,844,1
6,800,1
9,845,1
9,846,1
9,847,1
9,848,1
3,777,1
3,778,1
10,825,0
8,762,0
1,799,0
0,749,0
3,779,1
11,802,0
2,742,0
4,770,1
4,771,1
5,752,0
0,750,1
7,866,0
7,867,1
5,753,1
6,801,0
1,800,1
9,849,0
9,850,1
11,803,1
6,802,1
10,826,0
8,763,0
6,803,1
6,804,1
8,764,1
3,780,0
2,743,0
4,772,0
0,751,0
7,868,1
6,805,1
6,806,1
5,754,0
1,801,0
9,851,0
11,804,0
1,802,1
4,773,1
10,827,0
6,807,1
6,808,1
9,852,1
8,765,0
3,781,0
10,828,1
10,829,1
2,744,0
0,752,0
7,869,0
7,870,1
